id,first_name,last_name,email
4bb213ff-ef44-40ea-88cc-0dcf4217ad4f,Joey,Fosh,jfosh0@yellowpages.com
d83c9beb-7929-4b90-9dd2-a3dd3750e073,Elisa,Thirlwell,ethirlwell1@tamu.edu
d7df46b0-a4ca-4356-806c-b0af17803aec,Shea,Paddell,spaddell2@bloomberg.com
6b268659-2663-4439-9b8f-b6c0afecb40d,Noby,Cornhill,ncornhill3@engadget.com
12067226-126e-4b8a-ac57-85cb450b1373,Olav,Longcaster,olongcaster4@plala.or.jp
9e0408b2-0131-4675-abcc-35cbd881528b,Marna,McGarry,mmcgarry5@state.tx.us
7b2ae391-cd56-4b8f-a00a-7be6d0aac375,Bobby,Wager,bwager6@sitemeter.com
eeba9d80-5858-4659-8470-91ad1cbc40b8,Jackie,Ford,jford7@businesswire.com
a836905b-dad8-45cb-a2d1-cd097d676b53,Penelope,Coggill,pcoggill8@acquirethisname.com
ad11a4ea-e3d8-4d12-9a37-bf875b283eb0,Aimil,Orred,aorred9@chicagotribune.com
0545608f-8642-44e6-a6f6-0f5fca4eb07d,Joelynn,Szabo,jszaboa@wsj.com
cb3e35af-11b7-435b-b3a3-349f2f26c92c,Berna,Grassot,bgrassotb@yandex.ru
cb52f369-e083-425b-8edb-e602b8036109,Valerie,Capenor,vcapenorc@bloglines.com
3a5c2341-4f5c-460b-8a12-86aedd17e2fd,Laurianne,De Ruggero,lderuggerod@umich.edu
bc5ae138-0a03-4e83-9b29-eda197e75380,Quintilla,Hasloch,qhasloche@flavors.me
2b81de63-a9e2-44b3-b572-e8c986e98d1c,Ingrim,Leaney,ileaneyf@utexas.edu
326d411d-ff6a-429b-9882-ca09b27b39a2,Catriona,Gwinnel,cgwinnelg@shinystat.com
6fe70332-68b7-4231-8ae4-c2a300bc2320,Ashleigh,Maestrini,amaestrinih@mozilla.org
09f2481a-d7b4-4898-8d98-df3c3bbed792,Vergil,Titta,vtittai@cloudflare.com
27c72c10-ffce-4810-887e-e0eac791caef,Lek,Shea,lsheaj@ezinearticles.com
75fa0e66-46f5-452a-bb78-9bc4fd6f918c,Wait,Gavey,wgaveyk@virginia.edu
7ceb4d93-6aa7-4714-9dab-b50e44c48c22,Annie,Pala,apalal@de.vu
955f027f-ff2f-4683-8fb6-f07a041e34bc,Cymbre,Moncreiff,cmoncreiffm@networksolutions.com
8e6e2aaa-93db-4b12-b9cf-b6fb68625779,Beatrix,Olenchenko,bolenchenkon@hao123.com
7208c176-126d-486d-84d2-8462a255d944,Timmy,Wardhough,twardhougho@blogs.com
f6030ba0-386f-4142-baf7-9695fee2afd0,Abel,Clerc,aclercp@rediff.com
6bf276f3-365d-45dc-9f14-47a872c605f5,Beryle,Lipyeat,blipyeatq@illinois.edu
3cf12f57-c922-4e71-b2db-c1effd88f435,Vanda,Jacke,vjacker@google.fr
c12c2680-3d35-4e72-9131-8de1eee02b1c,Hermine,Boram,hborams@infoseek.co.jp
285cf4dd-adda-4705-a9e9-ce67c5583134,Moyna,Berford,mberfordt@un.org
161583e5-f2a3-4362-8d8d-10654e7c2791,Jessalyn,Gatenby,jgatenbyu@last.fm
31de4955-5b03-4534-82cc-d635b4fae34b,Claudette,McSherry,cmcsherryv@jimdo.com
c58c8fc0-fb2c-449c-9c80-a8b2ace26752,Haily,Trembey,htrembeyw@instagram.com
404b5bc2-d01a-46e5-8fb8-3950c33b35b6,Felisha,Lapree,flapreex@alexa.com
215756c8-dd9e-4dcb-90e3-a83c3ae4fa13,Diahann,Huie,dhuiey@themeforest.net
383477d6-6a44-486e-850f-170ff82ff627,Parke,Iacovini,piacoviniz@geocities.com
3c013b11-e509-4a1a-8ed8-79d893402a27,Sutherland,Behn,sbehn10@furl.net
fef4d5c5-295f-49f4-bb03-bae578362e30,Emanuel,Ferron,eferron11@spiegel.de
8920cf43-5fcf-4ca3-9daf-a0c5c185947e,Raoul,Layhe,rlayhe12@geocities.com
fb79bdba-a447-4ac1-9d32-da9314a2c77f,Merralee,Ratley,mratley13@psu.edu
4a2f5582-7eef-4bda-b6fb-6a4a5ab2fa37,Gilberta,Vispo,gvispo14@epa.gov
b4e2dcd5-4d1c-4bc1-ad32-a72e42b913d4,Estelle,Manhood,emanhood15@walmart.com
0cf73242-56f3-47db-a0db-8478ed49003b,Vinnie,Corton,vcorton16@webs.com
003b597c-97b4-4380-bcdd-01ca6621f1ec,Bridgette,Quinton,bquinton17@cbsnews.com
d51da289-d9a8-4a7f-a36f-d109bcfd73e0,Jorry,Rewcassell,jrewcassell18@cdc.gov
4aa10d31-b954-4829-8778-82ffee6ff642,Bink,Tollfree,btollfree19@1688.com
0ec35b84-1a22-4452-a633-e9447413ab50,Arnuad,Dabbes,adabbes1a@imageshack.us
19610674-4a72-4d2c-8926-90d8808a716f,Kailey,Basilio,kbasilio1b@shinystat.com
cf4aa1f6-fe1d-4b7c-bc44-ffbef1455e5c,Charlie,Hamshaw,chamshaw1c@trellian.com
468c3931-731d-4359-9f40-ed9744f6aae8,Galen,Adamov,gadamov1d@comsenz.com
53e56bcc-70ee-4b61-a88e-bab54c87ceef,Clarine,Vigers,cvigers1e@nyu.edu
20ed882c-32c6-480f-bd54-e9e950a0fac6,Benny,Tetther,btetther1f@ebay.co.uk
1eef7b08-8f91-401d-8c9f-7651767eaa76,Tallie,Jallin,tjallin1g@cdbaby.com
9493896b-be3e-4c19-88d1-8ba78abe0936,Gilbertine,Bengefield,gbengefield1h@mysql.com
fff2e2ec-2e2c-40e8-a74a-3312d0af9903,Tobias,Bruckstein,tbruckstein1i@businessweek.com
da1229c9-3849-4797-89e9-1e87a65822c7,Gabriele,Bilsborrow,gbilsborrow1j@hp.com
8a5e161a-8cec-4774-9b28-3cfe71aa2149,Marleah,Thor,mthor1k@nhs.uk
a4d61fce-8449-47d8-b5a5-8f1fe48b1d66,Thomas,Pither,tpither1l@goo.gl
faa8a108-47e5-4077-b0a2-d2280e74d4df,Jackqueline,Auchterlonie,jauchterlonie1m@time.com
d7bdbf38-391e-4491-9602-81fc9ec1a69a,Phaedra,Stowe,pstowe1n@tumblr.com
06f4badf-e4b4-4703-b636-4b30d46e1944,Agnella,Bortolini,abortolini1o@ihg.com
b87eb836-1cc9-4cd8-8908-ea6baa6763dd,Meg,Gask,mgask1p@livejournal.com
3f411e02-6360-4be5-b791-d62e249b5196,Elianore,Eisikowitz,eeisikowitz1q@reuters.com
62885efb-60a8-4dc3-b970-865f5d575116,Baxie,Paolone,bpaolone1r@imdb.com
3fdcc8b5-bdf8-4126-bc51-e2e4f2884234,Lissie,Gebb,lgebb1s@posterous.com
f436995a-872a-4807-a8d2-a8444b4e3443,Filberte,Saltwell,fsaltwell1t@phpbb.com
628a9116-7f7c-4819-a432-006cea8974d9,Calla,MacWhirter,cmacwhirter1u@archive.org
c1650123-0a63-4752-b35d-fe9cba25efe4,Filippo,Fowden,ffowden1v@who.int
45923b9e-f113-4a76-8352-4ee4b52fa5e3,Sandro,Boays,sboays1w@ed.gov
944a752f-c569-434c-ab80-39272ea8f3b7,Florette,Ashforth,fashforth1x@hostgator.com
0b809726-8a94-4f8f-8fc9-adf354b7ecb9,Langsdon,Bourgour,lbourgour1y@blogger.com
450df39d-4a4c-490b-a1f1-52e8e2d42344,Rosina,Lovat,rlovat1z@google.com.hk
12a3caff-721b-4e4a-8a12-9218548b74f9,Gaye,Measor,gmeasor20@spotify.com
70a85e4a-6747-4d2a-925d-7472286519e2,Cyndy,Wimbush,cwimbush21@accuweather.com
c4a07cc8-4e5f-45de-a3e9-5fb09fc56b24,Raymond,Saynor,rsaynor22@nationalgeographic.com
3641085f-555c-44ee-8bb2-c21b78f7fa3b,Elliot,Wadeson,ewadeson23@e-recht24.de
de224983-1191-4e68-a27a-02a846daf9a3,Celinda,Albisser,calbisser24@webmd.com
fb814e93-e35d-4c13-a0d0-5d89eb3b9372,Sidonnie,Worthington,sworthington25@amazon.co.jp
2032aaa7-ebf1-4906-ac63-b010520e36fd,Emlen,Gergler,egergler26@hao123.com
01cc9783-efb2-4d5c-9ce1-4212fef3016a,Harrietta,Brockie,hbrockie27@addtoany.com
b4ad1fde-c605-4f3b-8329-8f1ddbea6022,Sally,Lydford,slydford28@flickr.com
36ab291c-f5bf-41a9-92c1-29abcdf1b96b,Fabio,Creak,fcreak29@usnews.com
85698e03-d2af-41b3-b5c1-761379bc7d80,Jackie,Worlidge,jworlidge2a@bandcamp.com
88aa0ca7-82c4-4d30-8358-0a87e627cc71,Vince,Lude,vlude2b@mozilla.com
a30c896d-0cf6-45a7-b57b-1d6710f2e242,Giorgia,Logie,glogie2c@biglobe.ne.jp
7f14ede5-0530-4a32-a09d-4a4d5f8cfc1a,Abagail,Fuzzard,afuzzard2d@army.mil
660f83d5-0600-4bf2-a5ac-55720fc40abf,Earvin,Jurkiewicz,ejurkiewicz2e@dailymotion.com
6be0ddbe-b4cf-4110-93f4-6f2bb99bf490,Evvy,Malletratt,emalletratt2f@odnoklassniki.ru
bfe8be81-2353-4550-a59e-2b0be68bbfb7,Gabbi,Perche,gperche2g@state.gov
baf048ec-1cce-4c7a-8839-a9075d21ed03,Arron,Janko,ajanko2h@guardian.co.uk
13b15470-52b7-4ebe-ba46-f05dcf3b2939,Gillian,Wiseman,gwiseman2i@csmonitor.com
ab8bbbfc-a72a-4cbc-8c75-46df4428ff8d,Vincenz,Curnick,vcurnick2j@ucsd.edu
157afb8e-578c-45d8-93a9-d73b942b3b0c,Cheryl,Ivetts,civetts2k@deviantart.com
d8b51236-0a10-4f4e-9fac-22197839329a,Dirk,Dixie,ddixie2l@examiner.com
06a65028-6127-4b58-a008-7cd6652ee277,Phillipp,Aylott,paylott2m@altervista.org
237d7787-af60-4150-a036-45f86f325f0a,Giordano,Washington,gwashington2n@globo.com
0462ae3d-464d-4456-8ffb-c4692b62ea58,Bartlett,Showte,bshowte2o@chicagotribune.com
9e42ec0c-3bbc-4cfd-8e9d-d665bf1067ba,Zeb,Grindell,zgrindell2p@de.vu
309e8536-3ce0-482b-aff7-1b0ca923f9f0,Taffy,Brydie,tbrydie2q@goodreads.com
94e4a094-410a-4c97-bdd6-ec8a63ddf194,Ignatius,Ivanyushin,iivanyushin2r@yahoo.co.jp
fda140a4-198d-4231-98ab-c37f34909876,Shanie,Ruddock,sruddock2s@ucoz.ru
c0ce09c2-d169-466b-a4ed-a2525098c4a5,Marney,Brislen,mbrislen2t@washingtonpost.com
03b4d6ed-5940-4d0b-8f9b-7f6cb03527a6,Jillana,Keets,jkeets2u@amazon.de
45fb69f4-4c06-41a8-b898-660711e88a07,Kaitlynn,Durrad,kdurrad2v@pinterest.com
70299a2c-d1f7-48e7-aa7c-719b874fc1d4,Josias,Tidey,jtidey2w@hibu.com
5d8ede8b-7868-4653-b960-d60efdf1aa77,Bernette,Lamblin,blamblin2x@businessinsider.com
0af39651-9718-4287-80c9-ff77406eacc9,Chaim,Dockwra,cdockwra2y@theglobeandmail.com
e2e9dc4b-fc8b-41ad-ad03-8a831ead6e10,Demetris,Gokes,dgokes2z@businesswire.com
5ce9bd05-26c4-49bc-a590-48bfcf628ce2,Rickert,Gantz,rgantz30@drupal.org
484d8106-cc6f-443b-8ee6-d4700ca63b27,Ashby,Filoniere,afiloniere31@istockphoto.com
154e49cd-50cc-427d-809b-dbb248905685,Riordan,Biddle,rbiddle32@ustream.tv
420ad40b-5be4-444c-af72-8d22d377ccae,Tiffanie,Skeates,tskeates33@nsw.gov.au
1cad09f7-1563-41a1-83f7-f5a31d6d35b4,Eddie,Markus,emarkus34@stanford.edu
f5b43787-bb54-4661-b7ee-452d7f689c66,Dalli,Hawse,dhawse35@jiathis.com
5be0c8dd-7965-49c9-8f72-166c572d7732,Nathan,Calbrathe,ncalbrathe36@delicious.com
914e9029-2a8e-4b1c-86f0-085f5d467ef8,Ev,Colley,ecolley37@whitehouse.gov
701ca6b8-03ae-428f-a37c-8efc54e6ab25,Kristos,Robeson,krobeson38@auda.org.au
0782bfc6-d993-4584-b75c-ee09af5ae95b,Corina,Balston,cbalston39@themeforest.net
d23586eb-5cbe-40bd-9b8f-9b4001030441,Sawyere,Feaviour,sfeaviour3a@mlb.com
a5b6f84f-4e9a-4cac-9c27-10cf2ac51cdd,Marcy,Pail,mpail3b@nytimes.com
6249b0eb-0789-4488-a007-2962ab5d01b6,Avrom,Tittershill,atittershill3c@ca.gov
28b29263-7b96-43da-8cdb-49af871db1d7,Judith,Tapin,jtapin3d@cocolog-nifty.com
d39d2a51-17b2-48d9-9a12-1189d68a1184,Aili,Ashpole,aashpole3e@hugedomains.com
4068e41b-1db0-4aee-b2a5-0a0fbc65ea0d,Ganny,Ingrem,gingrem3f@google.nl
5db394eb-dc91-4442-8bfc-5dc02f8dbb77,Rodina,Latham,rlatham3g@omniture.com
f8e649e2-fcd4-4418-b6e2-43e3231121c2,Gaye,Munt,gmunt3h@plala.or.jp
1c452bb7-e77b-4335-a5bf-2562d2a6f133,Klara,Seekings,kseekings3i@stumbleupon.com
dd139299-badc-42e6-8ede-29106ae78245,Brunhilde,Huddlestone,bhuddlestone3j@cdc.gov
f5ef2ffc-ae9a-4578-8f3f-50504174a69a,Crissie,Braundt,cbraundt3k@smugmug.com
aec602b6-33cb-4927-991d-784056d4aac3,Donnajean,Roadnight,droadnight3l@facebook.com
08a33f28-03c3-48ff-b7d7-6b22c3376943,Rheba,Bouette,rbouette3m@ask.com
060b6739-1cb2-4836-b894-5abdf00cfdfd,Andrew,Lattimer,alattimer3n@tumblr.com
9ac636b0-50cf-4c5a-a105-971e9d5b78fd,Malchy,Rozalski,mrozalski3o@linkedin.com
ddc551df-e3d3-48d7-ae16-3f336713b3ab,Shalna,Sherewood,ssherewood3p@fastcompany.com
0ddc4972-d7d6-48ed-bd25-c5011f4d0371,Benedict,Annandale,bannandale3q@nsw.gov.au
5d87c99c-759c-4c13-b4c0-feae043aa6f5,Laurena,Davidy,ldavidy3r@slate.com
df736003-1e32-46b1-8f95-1fa92f4c78d9,Aurel,Bernetti,abernetti3s@nba.com
12d7821a-36ab-4cf4-9b43-fb2f73a0f78e,Vittoria,Epinoy,vepinoy3t@merriam-webster.com
732effc7-d2e2-44df-bfe1-86b739df4491,Rickard,Clac,rclac3u@google.ca
08da8156-931e-4779-9a35-59d74fb9b978,Woodie,Zini,wzini3v@cafepress.com
a6ed7764-745f-4dc0-ad31-4b53a8c4a253,Del,Wiper,dwiper3w@sciencedaily.com
bffbea0a-4a66-49be-8c1b-db0506001d90,Maris,Skellon,mskellon3x@canalblog.com
f7d30950-63eb-4e06-bc1f-94b2a9cefed2,Vicky,Beevors,vbeevors3y@paypal.com
edf84e32-5866-4044-b5ef-c64dac89e970,Free,Huebner,fhuebner3z@dyndns.org
ce830f39-5834-48ff-bfe5-870d9e3beb31,Morissa,Kynsey,mkynsey40@google.co.jp
97e3840f-9f63-4b5f-b2f8-529f0e6867cf,Angelina,Titterrell,atitterrell41@goo.gl
8dafed2d-dfc8-4e62-8ede-5b0a6e4eddd5,Roman,Marishenko,rmarishenko42@mac.com
6d72b3a3-0862-4f9f-b60e-6ec34a403504,Jacquetta,Smith,jsmith43@163.com
342e7313-b466-4934-8207-683d8f3da021,Jedediah,Pozer,jpozer44@t-online.de
12eb0261-f1f0-464f-846a-3d1df0f36f27,Stormi,Jobbins,sjobbins45@yahoo.com
4b5714c1-32a8-45fe-b1e2-dd968b971528,Ralph,Currom,rcurrom46@disqus.com
ed97239d-05c2-42cd-994e-ca002303f3e4,Aldo,Scoles,ascoles47@earthlink.net
39833e70-5a95-4424-8c77-9f2ece192fe2,Orsa,Gherardelli,ogherardelli48@wikipedia.org
88aae356-b693-4064-9324-385f5a57b7ef,Bree,Stanney,bstanney49@furl.net
55f754e6-376f-4d18-86d8-2ac848f04a00,Lewie,Laybourn,llaybourn4a@mail.ru
032ca581-46fa-49d2-abe4-a98a7fdfa63d,Sayers,Scawton,sscawton4b@pcworld.com
22912931-1023-4e0e-88fa-78112cab2353,Far,Micco,fmicco4c@fda.gov
123ca84b-7888-46e9-90c7-09ca864a518f,Ida,Villa,ivilla4d@biblegateway.com
639df304-a60b-4b05-9fa5-e719d16d4aea,Herschel,Nickolls,hnickolls4e@slate.com
7db530cf-9195-4bf8-865a-400725edd193,Bella,Grose,bgrose4f@vk.com
a56aaf57-fe9f-40dd-b651-1949d3a8a976,Jake,Simonich,jsimonich4g@amazon.de
5a8f074b-906f-4bf5-8c6f-73acb9d7a04e,Gene,Trimmill,gtrimmill4h@apple.com
c23ba3c0-051d-4d9e-aae5-a6fa64db642d,Devlin,Klimshuk,dklimshuk4i@jugem.jp
9fb8d293-1d63-44c4-ae14-1a1e9fd45a7d,Callie,Thornborrow,cthornborrow4j@mozilla.org
a4d9847d-139f-407f-a65a-a878cd94270d,Hannah,Cordell,hcordell4k@jimdo.com
1fb621a1-f177-4966-bc3b-bc059f4546d5,Seline,Spinello,sspinello4l@nyu.edu
ab2b1bc4-2b3e-499c-9921-f4981ed7f683,Sol,Baudy,sbaudy4m@ucoz.com
2988f0c9-de7e-4f28-8b44-d8dffc3ac0a0,Nobe,Glastonbury,nglastonbury4n@princeton.edu
841b0103-6505-4a8e-80cd-bfa3ded587a2,Alexandrina,Phin,aphin4o@state.gov
545c5c13-16d1-4327-8d43-594f62b4d9e5,Noland,Ross,nross4p@unc.edu
bb6b9c1e-ec8e-48e7-b02f-67cc72e7363c,Gennifer,Tregiddo,gtregiddo4q@boston.com
c6615611-767d-4f17-96e0-079cb379bddb,Babb,Norheny,bnorheny4r@aboutads.info
9801125f-1a1c-4194-af02-57134a3d5e82,Ashby,Gameson,agameson4s@imgur.com
764b955b-9737-4c49-a47d-082fa03f473f,Thorndike,McMenamie,tmcmenamie4t@xinhuanet.com
a68adbc4-745a-471e-87c9-4794eef213bf,Gwyn,Kitter,gkitter4u@ed.gov
0d6cafde-a5d4-4217-b8c5-4384de15f6f1,Vitoria,Durrant,vdurrant4v@google.ca
8ac4566a-94a7-4cd2-a468-9f3534fd104e,Valli,Nulty,vnulty4w@state.tx.us
642726cd-522a-4744-b153-0bc597a7a115,Xymenes,Ferschke,xferschke4x@spiegel.de
ec770212-f5a1-4745-b2a3-6ea67662dc9d,Teodoor,Picford,tpicford4y@ning.com
6efbcd33-35ef-415c-be9e-66e404b0e3bf,Gabi,Mighele,gmighele4z@google.it
5a58e340-8e80-441e-aee0-c4f340a817fe,Blinni,Rodinger,brodinger50@com.com
d7a9e695-7348-44c9-a86a-a30857191f90,Britta,Kilalea,bkilalea51@tinypic.com
75d5dbde-a54b-4801-84ac-c384964a0487,Bernadette,Pargetter,bpargetter52@sbwire.com
eacdf0d4-bfb7-415a-9546-468b5c349d99,Morissa,Twinn,mtwinn53@jimdo.com
0fed798f-d75f-46b0-a3b7-53811fe1eecb,Hillard,Robeson,hrobeson54@squarespace.com
067cf356-f682-4317-8b46-67ba99c3d1fe,Fransisco,Baddam,fbaddam55@phoca.cz
211b6c9b-ccee-4d35-845e-e9640ec90b6a,Audie,Lage,alage56@mozilla.org
a3522d54-f714-4b94-b15c-0dffae723184,Sharron,Winmill,swinmill57@bizjournals.com
1af7e041-7d9e-44fd-b8c7-68c107591a66,Kellby,Hulke,khulke58@un.org
690ae092-082f-436f-a37d-c7bcb53c0dec,Tess,Hulatt,thulatt59@google.de
d1ea7556-bed6-4134-b4e7-357b31a8bf6b,Petronille,Leschelle,pleschelle5a@fotki.com
d22bf2bb-75f6-4f7d-bb17-d2948613c0dc,Orv,Bearns,obearns5b@nifty.com
a53f4cdb-f7d7-40db-a07c-b6290b7cf847,Trudi,Kingsnod,tkingsnod5c@engadget.com
d3afac05-73b3-49c2-9cb3-d2d95badd206,Eryn,Ballston,eballston5d@bbb.org
288a7c6e-e010-4cc6-aa61-1e4d86e5a445,Marjory,Jerzykiewicz,mjerzykiewicz5e@vk.com
18f45cc6-1fc3-4e07-9c88-fed2761fc71e,Almire,Warsop,awarsop5f@oracle.com
c72711e3-0699-4368-a108-3f065c85bb91,Lisabeth,Burree,lburree5g@wisc.edu
830d583b-760f-4317-9380-b86226de3c71,Currey,Odeson,codeson5h@java.com
a0f5e34d-569f-4a50-b0f8-9b8f9eaba7f4,Helenka,Vinker,hvinker5i@japanpost.jp
7d73f071-3bdc-4d1f-966d-36c94694fedb,Ruddy,Tomicki,rtomicki5j@domainmarket.com
fb4ac989-ab06-4f64-950b-6300c6527f65,Merle,Laurance,mlaurance5k@hubpages.com
370c0027-1f10-4bb3-b1dd-1414c3377892,Gabi,Ingrem,gingrem5l@shop-pro.jp
e51a1fb9-5550-4691-863a-9c01013552a9,Kleon,Moffett,kmoffett5m@mit.edu
c6c57687-2e34-4119-ab7e-1f6ad223bfbe,Morlee,Mablestone,mmablestone5n@cargocollective.com
63da070d-604f-4e55-9a7a-70aea7bf3dd6,Livvy,Bytheway,lbytheway5o@google.fr
5fc8570e-b64d-4a13-a280-588591fc86bc,Kent,Malt,kmalt5p@dyndns.org
eac1923e-1639-4042-8aed-c186c4751f2f,Petronilla,Harce,pharce5q@twitter.com
57472f91-197e-4734-b605-7c8b9d69dc0d,Faith,Southerton,fsoutherton5r@jugem.jp
48d3a8c4-a468-47c0-9cc6-5797a6cbba6f,Suzi,Prigmore,sprigmore5s@squarespace.com
8afd8541-57da-40a1-9fb8-3516619797b4,Skipper,Kerridge,skerridge5t@xrea.com
fae35709-687e-4d79-8d45-d224ee74a24e,Elijah,Yole,eyole5u@geocities.jp
812dc573-a592-4735-89e4-8981cb74d913,Charmane,Benettolo,cbenettolo5v@earthlink.net
d5a141a0-d20f-4922-83c6-ecdbc7d6ea0e,Adolphe,Botcherby,abotcherby5w@exblog.jp
3a52f6ea-f0de-471c-bb59-f8a81f82a483,Alva,Dufore,adufore5x@so-net.ne.jp
4b97d3be-4432-4992-a194-3a47584bc9fe,Lura,Greenwell,lgreenwell5y@usatoday.com
745fa945-750c-4e27-aaa0-c0b0808fca6a,Ximenes,O' Meara,xomeara5z@biblegateway.com
f7be587c-cdbe-4c98-8b80-c378cbfd50fa,Daune,Pratley,dpratley60@issuu.com
470b7b21-5b43-4433-8756-108cc575a9cf,Tani,Rizzillo,trizzillo61@cpanel.net
c92af3bc-baca-4d17-8a59-11c49f1d2316,Dan,Wennam,dwennam62@disqus.com
631d4b9d-7af4-4b13-aef0-bdfc3a70d0ee,Ray,Liccardo,rliccardo63@cafepress.com
2dcc855c-8aff-4756-a143-c94affaeccc9,Raleigh,Franzettoini,rfranzettoini64@dyndns.org
3e326fbd-ddd5-4fe9-9653-e62ec90ee4c7,Codi,Blaxland,cblaxland65@hc360.com
3c841429-1a71-4be1-9317-33dd15a13715,Kahaleel,Mulhall,kmulhall66@amazon.co.jp
d31a1c90-f687-472f-bea1-3163f12abbdc,Mitchael,Maginn,mmaginn67@nytimes.com
2bb1736e-03e1-4b9b-8b98-8168af41ff5f,Kippie,Champness,kchampness68@nps.gov
c85c6658-31de-4b3c-acc1-da461f0e499c,Maribeth,Eliff,meliff69@booking.com
223475dd-de71-4166-9b7e-885fae278bed,Bellina,Kobiela,bkobiela6a@hhs.gov
2b03964e-10c1-4b7b-8045-d5bc9e120c04,Alix,Sexton,asexton6b@nytimes.com
082b5336-c8b3-4495-b667-4989fd016b70,Riordan,Gerhts,rgerhts6c@umn.edu
ca2795c2-f516-4c7c-b638-b2c76fafbb28,Cordy,Bartosik,cbartosik6d@w3.org
5bc01b48-af94-47a4-9f3e-337808933c08,Kiley,Dumbell,kdumbell6e@naver.com
3a436403-67a2-4f62-9ecc-29814dcbe489,Mikol,Sedgefield,msedgefield6f@miitbeian.gov.cn
0d86747f-daed-4984-a5bc-1671bd2c632a,Glen,Antonovic,gantonovic6g@uol.com.br
507f96b3-5f96-495a-bc32-297c327a26f9,Madonna,Matijevic,mmatijevic6h@newsvine.com
a1173c6d-ad84-4482-a563-6e0f85b4f501,Saleem,Winser,swinser6i@globo.com
621cb500-7148-42f4-b0aa-1f08e7250108,Lisle,Conquest,lconquest6j@hatena.ne.jp
7644ffed-ce25-49e8-8e96-105b11294477,Regina,Sedgwick,rsedgwick6k@addtoany.com
10928c35-cf34-4c82-aea7-cf3543d5564b,Constantina,Bramall,cbramall6l@vkontakte.ru
96c60cd7-3fbc-4eec-8bed-c87a0e820931,Adolf,Fish,afish6m@skyrock.com
0b4696a2-a9b6-4405-9b26-ab8c62e3c49c,Gianna,Storek,gstorek6n@uol.com.br
85ee910f-6fc9-471c-aea7-8bfd56d9f284,Phil,Mollon,pmollon6o@elegantthemes.com
7a27d360-fc94-46b4-b1f7-167c72c8cabc,Benito,Ubsdale,bubsdale6p@scientificamerican.com
2d42f5eb-c562-4bb8-bdb2-b304acff10eb,Trenton,Angrock,tangrock6q@newyorker.com
17e0a22c-e717-4a48-aa1f-87a5db5e2ae4,Kristoforo,Gillam,kgillam6r@nytimes.com
94efc12b-510d-4452-8adb-5703ba976007,Lorain,Pountain,lpountain6s@facebook.com
140dba6e-ba8d-43e7-85ac-2e9755928855,Raynor,Hewson,rhewson6t@tripod.com
07dc8d7d-770e-4481-9071-983e89395feb,Chelsy,Tebboth,ctebboth6u@home.pl
22e1328b-7ccd-4e6a-9236-059625237e55,Nev,Fairholme,nfairholme6v@example.com
115ee8ac-ca88-4587-bc18-c8ab6d43d41c,Karena,Doding,kdoding6w@telegraph.co.uk
da22c310-d126-48e6-a315-6287e5f8fba6,Karrah,Chaperlin,kchaperlin6x@netscape.com
1989d5bd-4dc7-450b-af9f-21fafc0939bc,Peggi,Bolsover,pbolsover6y@edublogs.org
838f486c-8637-4903-89e2-6c0dde32323a,Lisha,Hankey,lhankey6z@japanpost.jp
88c9bc2f-76ae-4f41-bfd8-c8db392673e2,Missie,Le Teve,mleteve70@nhs.uk
1b01ba1e-cac8-4417-a452-2e967bef9f8e,Suzann,Chevers,schevers71@typepad.com
c1c09bba-3969-40cb-859b-c1c0003cbf25,Michel,Ollet,mollet72@utexas.edu
a683e1d3-302c-4fd7-a2a6-f79399930e4e,Pepita,Forbear,pforbear73@ft.com
9919ddc2-d837-4c1a-81f9-9fd9039c1adf,Austin,Clunan,aclunan74@illinois.edu
d1abf1e8-1bf9-42b4-a5b2-8dee3907f723,Janene,Lednor,jlednor75@intel.com
d3dbade5-a95d-4433-86d1-e2323464aee4,Harrietta,Ormonde,hormonde76@g.co
c341ed05-b71e-46cd-bca2-7e970010b35f,Leonardo,Hedgeley,lhedgeley77@unesco.org
272ec33e-6c29-40a0-9021-f2bd7afc6f36,Hedwig,Coutthart,hcoutthart78@ibm.com
01586660-9e1d-427c-9924-2dd85d459c1d,Claudelle,Josefsen,cjosefsen79@wp.com
b931fd62-c506-4c12-a3cd-193574f6302d,Amalea,Bickmore,abickmore7a@reference.com
2b4852ae-9ba3-48fd-b657-e1c7cc6fe1bc,Trudy,Ascough,tascough7b@forbes.com
783042d5-438c-4ea8-80d6-10c4970dc244,Patricia,Allward,pallward7c@comcast.net
71c4804a-0b6b-4c2c-8567-245cf56f3cd6,Chelsie,Lewzey,clewzey7d@columbia.edu
ab99d35b-8696-45c6-8cb9-fb55ff839ec9,Winona,Jans,wjans7e@sitemeter.com
f5a63db6-428c-47bb-93b9-63aaf694dc15,Ranique,Preene,rpreene7f@ucoz.com
8c38645f-f9d8-474f-a175-c931e386a725,Balduin,Scarsbrook,bscarsbrook7g@miibeian.gov.cn
48c0310d-4c77-495d-b185-83b5d70a2b8e,Holly-anne,Newcome,hnewcome7h@wikia.com
db7b5367-873c-41ac-8bf8-e3f55303b6ee,Amargo,Roizin,aroizin7i@cafepress.com
897e7139-bbaf-483b-8de9-54df264bbeaa,Jolee,Serot,jserot7j@wikia.com
c4f44240-de13-4105-8ece-fea2976aec6e,Herold,Irnis,hirnis7k@i2i.jp
8c307cfb-b157-4cc5-bd54-961329f1e5e0,Ilario,Tant,itant7l@wiley.com
9610ce17-6510-4145-a175-274d6b116e05,Binny,Stork,bstork7m@mtv.com
e3548e93-d77d-4f12-9c84-2a2039f1bea5,Sile,Emm,semm7n@ehow.com
69d3de74-0c21-4d50-b3d7-0f438d696e5d,Aldis,Dienes,adienes7o@epa.gov
929d3420-4264-4071-9b58-49e9eb4f7290,Colin,Hansmann,chansmann7p@cnbc.com
db09e539-c3df-49eb-b9a7-0798558dc6ef,Kale,Priestnall,kpriestnall7q@who.int
f54545e8-c257-4d2e-b07b-5231b4740bf4,Moina,Fonquernie,mfonquernie7r@mail.ru
f200743a-7208-4e0e-bf62-e0dbfd4ad392,Korella,Fallowes,kfallowes7s@wikispaces.com
7e6b8e7d-0bc9-4a7f-9fcc-f0d3ed98526b,Hyacinth,Willshere,hwillshere7t@thetimes.co.uk
1139fff7-b6c3-4e13-a0da-58db8761c7fc,Shaun,Praten,spraten7u@ucla.edu
a5c7a8ad-1306-49c3-8713-c510f01dfb7d,Antonin,MacClure,amacclure7v@gnu.org
a0e4fcd5-5ef5-4447-8de7-16e49b162ef0,Kaleb,Crennan,kcrennan7w@jimdo.com
3adc51d9-d2b3-48a4-8558-7445f597f9e8,Debera,Tappor,dtappor7x@booking.com
9a38e0c5-9bef-40fd-ac0a-6a99da884475,Jeff,Rudyard,jrudyard7y@ucsd.edu
8864d752-222e-4b90-bd95-4c90b3eb9204,Pammie,Hosby,phosby7z@go.com
d4d3d830-86ff-4450-b96e-9147ad9b7e16,Franciskus,Terese,fterese80@google.com.br
bee32967-21f8-4d1d-8472-6439cf3542d2,Quinlan,Duigan,qduigan81@elpais.com
e77739a3-b9cf-46a9-b835-38a2ea89b7cb,Pren,Hundy,phundy82@sourceforge.net
6eb84521-353c-496d-b14b-7c33e6f739d6,Abram,Skelbeck,askelbeck83@wisc.edu
a385adf0-e142-49fd-8e01-80af1effd39d,Lucie,Jagiello,ljagiello84@businesswire.com
4ab857dc-4ee0-427b-a048-bf98cd34c4fa,Cissiee,Kantor,ckantor85@angelfire.com
a3767501-64ce-4eb0-aeb3-3f04e54230f2,Shandeigh,Plume,splume86@t-online.de
1e95aaa4-d951-43f6-8f35-3b12ecdaff94,Jose,Lippiello,jlippiello87@mit.edu
c3ef7bf7-8fe2-4497-8931-3bdaf02f3a4d,Elvis,Allonby,eallonby88@toplist.cz
14c6de9a-f208-4096-87bc-6e5c5375d99e,Leone,Neenan,lneenan89@xinhuanet.com
2d83a7ec-f36c-412f-9a4d-0740d26e4139,Julianna,Metschke,jmetschke8a@indiegogo.com
4b7e6c9c-15c4-45f6-9cb1-267451109ac3,Torrin,Veschi,tveschi8b@uiuc.edu
1d33b0fa-166f-472e-bf65-8eb993221fe6,Candie,Newlove,cnewlove8c@elpais.com
a2f4ed71-b5c2-42b4-9e89-483a4c5e79de,Reiko,Staden,rstaden8d@digg.com
da8b052f-b8bf-4bc8-adcf-4b8f292ad7ae,Haskel,Tankus,htankus8e@nhs.uk
a6560eee-f52c-4cc6-8e3c-c5f85290f64b,Valene,Forre,vforre8f@guardian.co.uk
bfe7e5ab-1329-4b47-9246-f96eab5ed441,Elfrida,Purcell,epurcell8g@furl.net
a250674f-5762-492e-8510-809ad8616208,Tobit,Lumsden,tlumsden8h@toplist.cz
c07af393-0ee6-4cdb-b624-b873797026f2,Norry,Brigstock,nbrigstock8i@addthis.com
f1adc97c-64c0-48a1-b91f-27ffb13531c8,Luciana,Korf,lkorf8j@abc.net.au
c2660fdb-6e14-41e7-87a9-7be36c6644aa,Alric,Franzonetti,afranzonetti8k@columbia.edu
c2a9f6ca-fdb8-45fb-895a-8b346f52290c,Jocelin,Pentycross,jpentycross8l@salon.com
82ff5380-2f8d-4164-ac1e-cb744eafbf5a,Valaria,Worley,vworley8m@altervista.org
ae0cd991-3137-4691-9dea-e2bbca1a3098,Whitby,Eames,weames8n@reuters.com
146d76ad-2ad8-4915-a4d8-0f7daf22bb61,Lay,Arrigucci,larrigucci8o@ow.ly
e4dd2d2e-9775-4471-8f54-fe17ea739bc0,Muriel,Bearn,mbearn8p@blogs.com
ab9d5765-d6e5-44b9-b0f4-8e2ad2023a16,Artus,Clohessy,aclohessy8q@columbia.edu
d911d683-f59c-4f9f-adc3-c582adf0009e,Carmelle,Van der Velden,cvandervelden8r@google.co.uk
f82641e5-60a8-4ebb-bed1-04cbeca83d12,Ayn,Balint,abalint8s@scribd.com
d76fac7a-b091-4ad4-ac49-349f6cb781b4,Zonnya,Christofol,zchristofol8t@artisteer.com
04de70e2-45be-4254-aa5a-33ad24cb2188,Hazel,Corringham,hcorringham8u@fema.gov
347cbd32-76d4-416d-9e54-0cbacf8285af,Tiena,Shepperd,tshepperd8v@google.ru
93943b33-b54b-425d-b94e-12267a5ec66c,Sukey,Pearl,spearl8w@vk.com
12f532c8-d242-4092-96cb-ad6df6e87a48,Francis,Dhenin,fdhenin8x@pagesperso-orange.fr
a55d03de-00fa-4a5f-9db0-852a4a58113d,Laure,Denisot,ldenisot8y@surveymonkey.com
ae1c1d5c-25bb-42fc-a358-2aab72305d35,Charlena,Eggleston,ceggleston8z@meetup.com
1bdebf39-3117-4f43-adf7-813fbabf8e28,Bord,Kitson,bkitson90@narod.ru
a86b9599-fd72-4e08-8d82-31ee64bd1c05,Nahum,Duddell,nduddell91@hugedomains.com
72709b7e-16f2-478e-99a6-1d55bed64191,Annetta,Bleeze,ableeze92@csmonitor.com
b335483a-0688-4fc7-9643-d200bb3ddbc6,Jens,Davenall,jdavenall93@businessweek.com
991ca5d1-9a74-4a82-b8c0-2db719c5b503,Shamus,Bazely,sbazely94@noaa.gov
a99aa2f1-8563-43cd-9211-283589ccf74d,Lorain,Aronowicz,laronowicz95@wired.com
69b8afdc-8dfe-45ef-a101-81f26474c1fe,Norrie,Kuzemka,nkuzemka96@nytimes.com
321fba3a-fa13-4fba-932a-0bdeff4201b3,Flory,Muff,fmuff97@salon.com
0552f998-0a5a-4e60-b845-ecab5603a02a,Chrissy,de Cullip,cdecullip98@mysql.com
da20c025-6d0f-4820-b307-21ef732aa667,Rodney,Devall,rdevall99@ebay.com
3f4c482a-0d38-4162-b84e-aabf271b0d2c,Algernon,Bushe,abushe9a@zimbio.com
76606b55-890a-468f-8d09-b14d256e2459,Arda,Foli,afoli9b@aol.com
0abc9ee6-7b62-4d9b-8e96-f69182618837,Kathrine,Doblin,kdoblin9c@cnn.com
2195c2dd-56b4-4c7c-81b9-b55d6c1394af,Eugenie,Alsford,ealsford9d@altervista.org
fc4a0b7d-b6e2-40cd-91f4-ac66506a2464,Conny,Pavis,cpavis9e@narod.ru
f1b053f3-7883-48d7-9267-6cdce5e30c65,Kerry,Valti,kvalti9f@4shared.com
b828f517-c823-4a09-9e5c-5635be5c68f6,Inge,Shoosmith,ishoosmith9g@nationalgeographic.com
e0c109a9-a00b-4dd3-8dea-8d5904ce751d,Lorene,Rapinett,lrapinett9h@weebly.com
e4a7a15d-3bf7-4fd4-8b53-b44db766e49e,Meagan,Doohey,mdoohey9i@ameblo.jp
2f696185-a362-4f34-ab00-bfe8e1498f12,Mada,Szymoni,mszymoni9j@cnn.com
f9a3a046-ec00-40f6-a1f4-d9e45d08cef1,Rabi,Glossop,rglossop9k@uiuc.edu
26826336-80fd-437f-8202-c7601ab9c28c,Keven,Clowley,kclowley9l@free.fr
84e9c5af-2792-4d2f-aefd-1ca3eac8fefa,Emelda,McDoual,emcdoual9m@sakura.ne.jp
63f78420-4e25-4d0d-8b28-077d815474f7,Sig,Grigor,sgrigor9n@imgur.com
f094f91d-319a-4c7b-96d1-3572b2725eca,Ozzie,Bamlet,obamlet9o@omniture.com
1c373c3d-3d45-48a7-b630-57a32435ab33,Jaquelyn,Wheatland,jwheatland9p@vk.com
af4a1237-87d6-4487-bd43-7ef265416390,Clemens,Okill,cokill9q@reference.com
08131e0b-7274-494d-a9ca-411ce1578eda,Roselin,Canton,rcanton9r@ycombinator.com
193cda82-dd18-4f80-b5fc-56f974009d19,Justine,Guyonnet,jguyonnet9s@netvibes.com
cc7663c1-470a-4473-8ec9-3f0b65b92f6c,Gabriellia,de Clerq,gdeclerq9t@theglobeandmail.com
06200e8d-5d9c-4140-b6ac-75eb47d49183,Edna,Linskey,elinskey9u@shop-pro.jp
8d81a2a0-8dd4-4268-bb55-fa2d61c8b6db,Pieter,De Bruyn,pdebruyn9v@google.co.uk
3bfc1c6e-983b-4a2f-923e-a15c4d0b97a8,Vera,Tabrett,vtabrett9w@usa.gov
18adbf8c-8a8f-4072-ac98-d436be3f09ce,Alano,Allingham,aallingham9x@weibo.com
b9bba263-d4ea-4365-802b-51de0cac0305,Rikki,Tollit,rtollit9y@instagram.com
72aaa304-7bb5-4370-9133-f582325c7d42,Cortney,Elsegood,celsegood9z@arstechnica.com
df2e31ca-e4f5-4c59-b586-14822b04c08c,Rori,Newcombe,rnewcombea0@ow.ly
f5d045ef-b5ec-465e-8e8d-47fdae55161d,Suzette,Prettjohn,sprettjohna1@time.com
17e1191c-25c1-4253-8ca6-ee5968f0322b,Riki,Allender,rallendera2@mozilla.org
dfe47b63-c3d4-4a8e-bf12-44fcab54496b,Mikkel,Gallen,mgallena3@yellowbook.com
64be3fd7-f978-43bf-b57e-f65018f1d41c,Valerie,Rosencwaig,vrosencwaiga4@dell.com
477cc568-dd2e-4584-97ed-2f1a5068c577,Simmonds,Inder,sindera5@bloglines.com
4d30be42-7cf7-4e72-ba1f-16f211f728a4,Julietta,Hevner,jhevnera6@cisco.com
29495945-dbfe-4082-9287-07ad7f48b901,Constancia,Brighty,cbrightya7@rakuten.co.jp
59cc4a92-ac1f-4a26-8430-eb180b58f3c8,Manfred,Manston,mmanstona8@free.fr
c4adaf2c-de43-4e1b-b940-b7643e5f8016,Kellby,Widmoor,kwidmoora9@hubpages.com
ad8f97f4-2122-4822-b5a5-ba260e52d77d,Shannah,Vasilik,svasilikaa@ebay.com
6aed95bc-7822-4a2b-bc87-cda6bcf58bc9,Wini,Casiroli,wcasiroliab@mapy.cz
246a3159-af56-4eaf-b890-c0fe0b5a6bb5,Lia,Elner,lelnerac@hibu.com
43f38a46-6529-429e-bfa9-c171a32a84e0,Gayle,Kemetz,gkemetzad@pen.io
fd309b5e-d510-4df7-ab9e-3483701922f1,Mabelle,Jeffcock,mjeffcockae@pagesperso-orange.fr
98434105-31b3-4c8c-823b-63b5d0e49ac9,Jodi,Whittington,jwhittingtonaf@opensource.org
c8ea35a9-ee9f-493d-9545-bbb1d86ef84b,Marlowe,Dew,mdewag@arstechnica.com
28dcc12d-6ce7-41ee-b5f1-e754836de853,Lorettalorna,Betterton,lbettertonah@github.com
d53ccbfa-0f06-42cb-b671-7565954cf990,Lu,Matic,lmaticai@geocities.com
fd81b825-3069-48fb-b806-0f556716832b,Hymie,McCory,hmccoryaj@senate.gov
c8b39b84-8d1f-42ac-a67c-dc3a736b4966,Russell,Owen,rowenak@foxnews.com
07e43b59-a953-4840-b73f-42d53a4729f5,Effie,Surpliss,esurplissal@scribd.com
6fe2ac06-3c61-4e36-b920-33fb4730e5fd,Natty,Potteridge,npotteridgeam@epa.gov
9d83a54b-be70-4fc1-9666-3f03e42f55bb,Udale,Lytell,ulytellan@macromedia.com
600b04e3-aaab-4007-930b-d3e3490d58ed,Marlon,Minot,mminotao@digg.com
b38ac4e6-6cca-4355-9ea1-4569685f8c4f,Buckie,McLane,bmclaneap@hao123.com
029dcf90-c3e0-4697-a8a1-3ee1b6736767,Matthus,Krzyzowski,mkrzyzowskiaq@liveinternet.ru
32a529c1-5371-49a9-bffc-0bf3919e5ff1,Nefen,McCluskey,nmccluskeyar@free.fr
90ccab2e-a245-4400-99e6-77dd56628173,Alic,Aucock,aaucockas@geocities.com
508cb724-abfe-4e1e-87d0-08e1596246e8,Glynis,Soreau,gsoreauat@guardian.co.uk
5020df24-c03a-4ee0-9611-456985812614,Foster,Newcombe,fnewcombeau@sfgate.com
e9f6b045-2c2c-4051-86a4-3a39f59f1013,Billy,Farbrace,bfarbraceav@ihg.com
abfe35b9-fa43-4fa3-82e9-7df6136ec5a6,Shaylyn,Beidebeke,sbeidebekeaw@redcross.org
69ad7ed9-8ccc-4178-bdb4-ea0d03465016,Noble,Matashkin,nmatashkinax@nps.gov
500dca9d-6e2a-4b97-aef7-2540f090be27,Alvie,Drinkall,adrinkallay@imgur.com
17706b82-dcbc-47c4-9c9f-23ceed7f8a6e,Hernando,Burgh,hburghaz@soundcloud.com
54ae2ab3-a589-42d4-9283-d779bc8b0c88,Emmye,Norledge,enorledgeb0@twitpic.com
ad0f44d0-fe52-4622-bae9-0fb6580131f7,Alaric,Rathbourne,arathbourneb1@miibeian.gov.cn
592f46fc-fa6a-48c8-8d64-8d459dfacbfc,Oberon,Powney,opowneyb2@hatena.ne.jp
4440d9a2-b61f-4002-bd58-a9c0440b5284,Sonny,Dumingos,sdumingosb3@sogou.com
b4befbe6-3f73-470c-bf84-69902995219e,Shellysheldon,Atger,satgerb4@wordpress.com
179e7d33-9845-44d3-9a2f-775582ab0ecc,Wheeler,Greneham,wgrenehamb5@hexun.com
fc3b29fd-4cc4-49c7-8f0c-2ff8604a7821,Cloe,Ackers,cackersb6@forbes.com
ec70e25b-ef57-4fcc-a0b4-c68ac6e5be13,Ulrika,Bury,uburyb7@live.com
4bdbbaca-b10c-44d6-ac8e-231bb1930709,Lena,McElory,lmceloryb8@usatoday.com
9979c594-beed-47a6-9e7f-41d120534edf,Lucilia,Petegre,lpetegreb9@dropbox.com
af7cf28f-e1a3-4e5b-860d-ca266119843d,Lorene,Luppitt,lluppittba@barnesandnoble.com
764de418-1b9b-4ed4-9a8f-d5591ee7c5e3,Harrie,Marzella,hmarzellabb@nbcnews.com
f3c888d8-9914-4788-bb43-db3b7676a89e,Lyndell,Upton,luptonbc@wp.com
26071262-41f3-45d2-b57c-8a2792e9cdd2,Anders,Abramow,aabramowbd@weather.com
6d08c799-46c3-4b14-b79a-0943851d24c9,Ella,Cadwell,ecadwellbe@salon.com
7fad7f02-5aae-4c91-b1cc-ea08f73befcb,Humberto,Gorling,hgorlingbf@wikimedia.org
2af216ac-b88d-4b15-a9f2-edd6c867aa93,Marissa,Leile,mleilebg@studiopress.com
f187bc0a-7286-4472-a53b-dd98d01616c9,Chelsae,Elliss,cellissbh@cisco.com
ca1bee44-f05a-4cf0-aff6-3779430f2fc1,Dasya,Dole,ddolebi@hostgator.com
9ff2340b-5db1-49c4-adeb-8e875bdfc75f,Sydney,McAuslene,smcauslenebj@epa.gov
270b3cea-006b-49b9-b018-c708e016fb44,Daniele,Ogan,doganbk@cornell.edu
9c0db6fc-2b74-4c8d-a0d9-cca4c36ff66a,Jeremias,Turpin,jturpinbl@va.gov
ddea8b9a-a9e2-4cb2-9466-ee2aa3a494df,Joete,Skurray,jskurraybm@google.co.jp
4425b222-9e31-4c2d-968d-41c03e262d03,Giana,Millgate,gmillgatebn@fastcompany.com
9e037978-7d9d-4c8b-85fb-eb847612bb23,Lanae,Keough,lkeoughbo@dion.ne.jp
af129c00-5ecb-4f68-be65-bda6111cd949,Gerianna,Ridgley,gridgleybp@cdc.gov
6c3ea2cc-87c1-4c46-9492-fef734b7624d,Brody,Lanahan,blanahanbq@ucla.edu
dbab89ba-3efa-4a56-b99f-2e5df8c92d13,Ariella,Polglase,apolglasebr@comcast.net
18a02389-d0eb-45a2-a87b-a5d467f94868,Francklyn,Josskoviz,fjosskovizbs@aboutads.info
3376e636-b192-441a-8ada-ad1ba39b38e7,Karlee,Streetfield,kstreetfieldbt@pcworld.com
5b8134ee-f4cd-4b0d-bb6b-5e7cd715e99b,Gerty,Olennikov,golennikovbu@sogou.com
71833c30-2e57-4855-aa8e-4ad57d5f6463,Sheelah,Renol,srenolbv@ustream.tv
d8ac72ea-6589-4574-9c80-eb3e40c2666f,Malchy,Adenot,madenotbw@gnu.org
f33fbfeb-33d4-47c7-95f6-874da7384513,Elbertina,Kingstne,ekingstnebx@woothemes.com
188eb6b4-5c0f-4f86-8f15-d7741f393617,Nessa,Cottey,ncotteyby@google.co.uk
0d207650-36a0-4d50-aff0-57ab23b723d3,Kassi,Esterbrook,kesterbrookbz@tumblr.com
1c39e845-6770-4412-91b7-134f39104e05,Hope,McGinly,hmcginlyc0@gravatar.com
17c15de6-b1f6-4dd4-a205-dcdd28684f80,Kellia,Lambdin,klambdinc1@moonfruit.com
547c1dbb-5115-4233-82d6-2e21bfc0f78b,Kaile,Dunbobbin,kdunbobbinc2@indiegogo.com
0935a076-4086-4e81-bd21-bbe04ebf1259,Adrianna,Copes,acopesc3@howstuffworks.com
ae6c4ca8-9c2d-44f2-a840-797e3ea42d21,Ashton,Armiger,aarmigerc4@webs.com
a73df5f5-71b1-490d-9cd6-2fd798b068c6,Brendon,Cornels,bcornelsc5@gmpg.org
2e8328d4-5ae9-4763-96b4-6a66dfc6c6b9,Egon,Comi,ecomic6@newyorker.com
290d97d9-61c6-4a28-8b83-34a51e8f02f4,Ashien,Brenneke,abrennekec7@com.com
e53847e7-5ab1-49a7-baaa-76067340e84f,Thibaud,Bonnick,tbonnickc8@xing.com
7d2baa7c-81cf-4cba-b3c7-05e3f95379f2,Aggi,Tuffield,atuffieldc9@flickr.com
a4cc4229-128c-4779-9ed5-851381ba142b,Silas,Bodycombe,sbodycombeca@admin.ch
c634abf9-c89e-4d81-a7bf-d8f196659d31,Agace,Klulisek,aklulisekcb@mashable.com
afcb6289-8de1-45a2-8f4d-ad49759a5fa3,Ermina,Lias,eliascc@imgur.com
85dfd25a-e14b-42e3-b9b7-ffebc08ca44d,Jesse,Hirtz,jhirtzcd@com.com
b6b3f3c1-0acb-456c-935c-03fa65ade13e,Nettle,Saladino,nsaladinoce@wordpress.org
051d10fe-53e7-492e-999b-c8a4d1aa03ed,Byrann,Lantuff,blantuffcf@nasa.gov
90c495f3-ddc7-414c-8bcb-80b8e962f8d5,Arie,Shawl,ashawlcg@geocities.jp
645146e9-f3b9-4ccc-868a-c546c57ccf2d,Cynthia,Di Napoli,cdinapolich@mozilla.org
5d8b0516-ecfe-4efb-ac7c-bbbab2d2aca8,Dugald,Peagrim,dpeagrimci@addthis.com
232a2991-ac13-4eef-9e88-bab63728f1f3,Damiano,Gulvin,dgulvincj@paginegialle.it
d953e43e-3609-48a1-8921-d0fdf5e2e8a2,Art,Stannus,astannusck@ibm.com
b5783e3c-98e3-4d27-9dc6-a2c41b2c0978,Melesa,Yakobowitz,myakobowitzcl@fema.gov
4fecfc92-cc29-42c5-ba0d-804058e77b79,Lamont,Persian,lpersiancm@oracle.com
3cc637dd-5702-4921-8b1e-94c000558d41,Fiann,Clardge,fclardgecn@engadget.com
fb96a641-410e-425d-a569-00293feca8f4,Peirce,Reddan,preddanco@sciencedaily.com
c43a7e90-265f-420a-9be3-8e512367914a,Trudey,Simner,tsimnercp@businessinsider.com
065ca36e-bc56-4bb3-8ed2-ddff12ef25dc,Liane,McMurraya,lmcmurrayacq@liveinternet.ru
9fefaa71-b864-4e7d-8551-57c4a011f947,Kat,Charlon,kcharloncr@boston.com
3317f363-2520-4c9e-af97-e52f8c73654f,Claire,Sighard,csighardcs@liveinternet.ru
533db4bf-ac87-40a0-b266-de9a6fbe7e9c,Inga,Melton,imeltonct@seesaa.net
219950aa-f69a-4367-aa40-d4228ef8370b,Torey,Coburn,tcoburncu@tiny.cc
68cf4741-e843-4ec0-964d-f158fbe07fab,Ethelin,Schaben,eschabencv@state.tx.us
04cea339-c8e7-4cdc-95f8-cad94fc3763e,Alvin,Grube,agrubecw@dell.com
a4b938ea-66a7-447d-b3c0-afbc96b14325,Ave,Sibbald,asibbaldcx@forbes.com
281be86e-c4c4-4150-967e-28bcc2b741a6,Bellanca,McAvin,bmcavincy@google.it
c645ddea-d200-4452-9ca0-055d3546729e,Heida,Kingsland,hkingslandcz@nba.com
53001b86-fedb-4fd0-a713-47aa7bb53b50,Katherine,Butland,kbutlandd0@vinaora.com
d1ba9f35-2e0c-4f48-819d-38dd5c8104b1,Nicol,Dee,ndeed1@naver.com
729ea5ca-3a38-4ab4-8dee-e6204e8af792,Gypsy,Winthrop,gwinthropd2@upenn.edu
427ab66e-0321-4212-ba42-72887dbdc950,Faber,Dinneges,fdinnegesd3@archive.org
07ca218e-2061-4c91-8ef3-d9d5d2fb9313,Antonin,Whitefoot,awhitefootd4@ca.gov
54f853fa-4c41-4960-bb60-498625e6a35f,Evanne,Rault,eraultd5@sbwire.com
07784bf4-8af6-4e99-b5fd-7ecba05d47a2,Lammond,Lademann,llademannd6@about.me
fb3a7a11-d816-40a9-8030-484fa13ea675,Atlante,Embleton,aembletond7@google.de
4f75f2e0-08a0-473b-8047-d065a01f3d55,Tristan,Spelling,tspellingd8@tamu.edu
1fed5148-f17e-487b-8a5f-91b9a4934b19,Lee,Van der Baaren,lvanderbaarend9@ebay.com
3f167cb8-b00d-4e2d-9d14-e375b4229cb9,Kristal,Foskett,kfoskettda@nhs.uk
2efb5943-25ab-462d-ab43-6239996ed332,Alisa,Rigard,arigarddb@t.co
298af497-c807-4ded-a1ef-bb01ce691f8f,Erminie,Archdeacon,earchdeacondc@craigslist.org
d1f1ca5a-1f67-4ed8-a80f-33776a15050c,Aubree,Sunley,asunleydd@reverbnation.com
d789d5a5-2e47-4214-aaaf-94b002898c9a,Nikita,Achurch,nachurchde@weather.com
199d8232-dd58-44b2-b751-fd23ac4c3ddf,Poul,Risen,prisendf@skyrock.com
2c845533-6031-49f5-97b4-04f0ca3c3018,Haroun,Linning,hlinningdg@imdb.com
470426d5-e6fd-43c7-82bb-aacf4181eb30,Tammi,Owenson,towensondh@wired.com
8947219f-afbd-4102-8fcf-4e548c32a483,Glynnis,Leall,glealldi@51.la
301bbe2f-4bc6-4822-8383-ee1e33d6b83a,Chelsae,Gadie,cgadiedj@tamu.edu
256cc63b-2617-4740-b675-202cbb59055a,Anatollo,Liebmann,aliebmanndk@qq.com
118619f9-f2e2-4d4d-a3a8-1fcaa17f5763,Cahra,Fuge,cfugedl@diigo.com
85845093-6abd-4b62-a077-91a7eeb112e6,Evelyn,Reynoldson,ereynoldsondm@omniture.com
eeb93115-2dad-4927-90df-e466350b4438,Broderick,Easthope,beasthopedn@ca.gov
54610857-bfb6-4f09-a5d6-92794f0332bc,Sheelah,Springett,sspringettdo@chronoengine.com
1134e323-c65d-414a-b674-42b90b0cedfe,Trude,Kensitt,tkensittdp@dyndns.org
f05cc49f-b245-4b5f-8e24-2d7cf522068c,Sal,Whittam,swhittamdq@whitehouse.gov
6cc98d0a-a251-406e-86a5-5dcb7123d26d,Bartlet,Raftery,brafterydr@patch.com
2f6430af-d341-40d9-927d-676960212b17,Randal,Ship,rshipds@aol.com
c5cfc9a7-aad4-4f58-b027-38190b84c164,Vivien,Foskett,vfoskettdt@merriam-webster.com
ee210395-59f5-4c13-bcc7-2b0934a87efd,Fielding,Venmore,fvenmoredu@springer.com
22663e44-82aa-4496-a5f7-2fa506278368,Nelie,Caw,ncawdv@smh.com.au
15455c52-c9ba-4386-8a85-cebcffb30cc0,Dinah,Ezzell,dezzelldw@booking.com
8718e62d-79fd-4ece-9935-00f1ba23d898,Vikky,Domokos,vdomokosdx@miitbeian.gov.cn
81179ac9-2bbb-48f1-bf71-f907ac18a943,Dynah,Blooman,dbloomandy@edublogs.org
b80a34bc-4806-45ae-a449-6125d87e1e83,Julianne,Gawthrope,jgawthropedz@oracle.com
cebc8596-a25c-4082-9216-a878fbea01f9,Dania,Issard,dissarde0@stumbleupon.com
0e08d0e8-13ed-4f26-af52-eb0e0314fb5a,Nedda,Haensel,nhaensele1@wikipedia.org
5fafb9c6-6b71-4a58-8123-aa0371647e1f,Neilla,Orans,noranse2@pagesperso-orange.fr
eae6839d-4906-48ee-9b5d-56060c1ac309,Maynard,Clows,mclowse3@scribd.com
87f07ac0-e44b-43f4-b4c0-3585c366d9ba,Raimundo,Justice,rjusticee4@ca.gov
21ba98ad-e59e-432f-a577-5b74938b4ff5,Kippie,Mattiassi,kmattiassie5@linkedin.com
b1e367cd-d98f-4dec-9cfc-a19c1db994ce,Jodie,Cicconettii,jcicconettiie6@smh.com.au
294fb869-6be0-4ef4-848f-8d33f018c343,Jammie,Bonhome,jbonhomee7@ifeng.com
eae5724a-7822-44c7-ab85-e1da9403d1a8,Port,Jecock,pjecocke8@vk.com
889b8ecc-1863-4600-afdc-fa42694e094f,Jerald,Whieldon,jwhieldone9@tumblr.com
d2e65701-33f7-41ab-a11e-79a89289597f,Eveline,Hancke,ehanckeea@deviantart.com
47a7067d-cf27-4396-bda4-039d5c623175,Pryce,Velde,pveldeeb@rakuten.co.jp
da3cbeeb-bbcf-4ace-9d8d-a0ed0ab80121,Dionysus,Burds,dburdsec@amazon.co.jp
54feb6a6-2213-4c5b-b9b7-e018f5cd8cb4,Guinevere,Fairbrother,gfairbrothered@washington.edu
f39d406e-4026-4b01-8abe-87ffa70b4854,Teresita,Quarton,tquartonee@ocn.ne.jp
d96a7177-d452-4ac5-a8f7-28c00cf2930b,Sargent,Parcall,sparcallef@rambler.ru
c3ecaa3c-3609-4570-954f-894a28ea4074,Tyler,Baudins,tbaudinseg@networkadvertising.org
49e81128-7625-4dee-848e-695b2ac88795,Gib,Sidworth,gsidwortheh@mozilla.com
20fd9f19-f179-4232-82d1-a951a4b8c52f,Bambi,Maskell,bmaskellei@mapquest.com
f0c28eaa-f315-4d50-b9f8-484c627066e0,Karoly,Stuckes,kstuckesej@hp.com
7a2dc762-f7e8-4291-b7fd-a133871d9fdd,Nessy,Keohane,nkeohaneek@ning.com
425bb056-a92c-4c42-a6db-86b74dd77fd3,Aura,Shatliffe,ashatliffeel@1und1.de
85044e6d-88bd-4526-b9a5-40887bd18b3b,Stefa,Stirland,sstirlandem@wordpress.com
94fa03a4-2c15-4e58-a920-8c8bbc246128,Calida,Sunock,csunocken@alibaba.com
6d6d6134-678f-4330-8a0f-343e80509ec9,Vale,Tender,vtendereo@typepad.com
13bdcb10-bff0-499b-b931-a2513255a148,Gaspar,Godrich,ggodrichep@dot.gov
c5320f8e-b5a7-4558-979a-c8b993bc4542,Bren,Farrah,bfarraheq@blogs.com
6c5e714f-f615-450f-aba2-a550248567b7,Homere,Downer,hdownerer@imageshack.us
1f74bc2c-1443-4088-94e4-f0210c98a644,Mabelle,Bosworth,mbosworthes@ustream.tv
f5a38772-30a6-4af2-b661-e03c7cc51ecf,Jamima,Winchcombe,jwinchcombeet@mapquest.com
a9db3a01-c75a-4e6f-8fcc-846ad6341106,Meredith,Gregoli,mgregolieu@com.com
af5b7d9d-fc4b-4485-bbcd-975abc0091ea,Audrey,Sheen,asheenev@cmu.edu
d7af4502-f674-43e0-8f86-a6b92928b339,Janean,Feeney,jfeeneyew@imgur.com
05ad11d0-7ba5-4d82-b28f-38ea298f53cf,Othelia,Kick,okickex@soup.io
c20a203c-5df8-427b-bfab-6d226aa6efb2,Gwenette,Colby,gcolbyey@aboutads.info
dc03c59a-4dc0-4b44-b4ca-211e7158e7cb,Audre,Knuckles,aknucklesez@barnesandnoble.com
b76ac4c2-0820-45ac-bac5-50fcd6d8eb4a,Abe,Whithorn,awhithornf0@squidoo.com
ba80c58f-1179-4df2-8e3f-c23944e42397,Nichols,Drain,ndrainf1@goo.gl
cbaba56e-7468-4880-822d-55c49e085e4a,Kameko,Lyndon,klyndonf2@slideshare.net
9282a845-d24b-4a65-8302-d54d6e237720,Fredia,Bothram,fbothramf3@youtu.be
2eb47190-ecf4-4a4b-accc-97e6e2ede817,Arnold,Strotone,astrotonef4@instagram.com
13816984-1b7d-4111-916e-15f18d1d7283,Farr,Pilipyak,fpilipyakf5@newsvine.com
3648c63b-3a75-433c-8bc0-d74babaaa56d,Anne,Tolputt,atolputtf6@youtu.be
ce332594-ce59-4da1-870b-6db108479fd1,Freddi,D'Almeida,fdalmeidaf7@prnewswire.com
2dd1b811-4552-447e-acdf-0d07bc8b1026,Anselma,Fautley,afautleyf8@angelfire.com
fa727972-aa95-4ef3-9b8a-ceb4f470cc32,Rakel,Epton,reptonf9@xinhuanet.com
d56b739e-df43-4bc5-9c1d-a43b69355165,Mahmoud,Banaszewski,mbanaszewskifa@tumblr.com
79a13581-b4d4-47ae-90ac-2b11af4eaa4f,Antone,Pickering,apickeringfb@blinklist.com
4026bfee-45e7-4796-b9bc-ae12828e85a4,Ron,Moughtin,rmoughtinfc@mozilla.com
45922bf2-9689-459a-ad3f-7f1740c8a92a,Devland,Viste,dvistefd@nps.gov
0d2ae118-80eb-4f4a-88fb-993b922b1f7f,Joshua,Kealey,jkealeyfe@over-blog.com
7edb8421-c38c-45a8-b357-849d247826b8,Lonnard,Campos,lcamposff@princeton.edu
403db8aa-6356-4f80-ad79-df120ab91975,Ailyn,Claxson,aclaxsonfg@europa.eu
b44eec65-0d4a-4176-9fe5-3129d0d1b293,Raff,Jako,rjakofh@nbcnews.com
3ea8f6ca-055b-4044-bed6-5bd92fbb5b93,Bendite,Dummett,bdummettfi@yelp.com
83bda2b0-5034-4035-b6d7-9a127243b4c6,Ofella,Ditchburn,oditchburnfj@vk.com
fb59a6c1-199c-43ab-b62f-7ce8494763c2,Karlis,Le Fevre,klefevrefk@altervista.org
8be2dd0f-52da-48d7-966c-c33920e7406f,Vinny,Stukings,vstukingsfl@hostgator.com
7ae60a24-3c51-4ff3-8e20-868cb0e611a6,Briant,Giraudel,bgiraudelfm@blog.com
d7fec9f8-56bd-457b-af51-30a67242c516,Rex,Shatliffe,rshatliffefn@google.com
46803ef5-dd54-4859-8bfa-36b4c2c04ecc,Lenci,Matyasik,lmatyasikfo@pen.io
3877e8bf-3b68-4287-801a-16c6a973c296,Rudie,Belchambers,rbelchambersfp@oakley.com
14fa12d4-b0fd-4dca-9325-a5a6cdf61122,Hal,Weatherhead,hweatherheadfq@booking.com
e7a2772f-3ee9-41e3-8e59-413af0c3c0e4,Neala,Eddowis,neddowisfr@360.cn
5553cb33-7ec0-4f90-ab03-dbdc9bb5d6e3,Chiquia,Lockney,clockneyfs@google.com
bb6deed9-2cc9-4554-8d79-2eeeb723dd76,Krysta,Winchcombe,kwinchcombeft@virginia.edu
8273f842-7901-439b-aaf8-b558c484f94e,Elvera,Camel,ecamelfu@delicious.com
a37e2654-5f24-464a-9842-79129cd186d4,Kaine,Prantoni,kprantonifv@barnesandnoble.com
c76c9c7b-bfac-417d-9b59-96f9ee1b9b6d,Crissy,Kitcatt,ckitcattfw@netscape.com
b027f348-0280-4dec-8159-6f50edde64fa,Broddie,Lacknor,blacknorfx@51.la
8c64eb85-b6f9-4c7b-bb96-6989b472f536,Derrik,Denty,ddentyfy@opera.com
b49decf3-683d-41a1-8545-c18203f20233,Tye,Shorey,tshoreyfz@google.ru
e103e2df-b1a2-4435-ad41-3543d23b9085,Winny,Shalloo,wshalloog0@discovery.com
95a098ea-ac23-493b-922a-9f6d03bc366d,Blanche,Abys,babysg1@wikipedia.org
26e55765-4abe-4a1e-88dd-58fae85a29fb,Fayina,Bortoluzzi,fbortoluzzig2@newsvine.com
f856a71c-9125-4473-9f79-377315f93a8e,Minnnie,Dobbing,mdobbingg3@prweb.com
9d878116-5532-4545-b1b1-590516150db5,Hamish,Dulany,hdulanyg4@wired.com
d4615015-734b-4002-8a84-9f08bd488139,Nert,Woof,nwoofg5@wix.com
2105cc2c-5de1-4254-a2ff-002604a28e01,Rica,Clem,rclemg6@wsj.com
a31bb2b6-8b07-40bf-8161-9e00199db846,Humberto,Behning,hbehningg7@wufoo.com
aa4e4ef0-fb33-4454-a421-885cd657c73a,Cynthie,Threader,cthreaderg8@youtu.be
72b50ce8-4ce3-4137-bded-6039639b8b0a,Brenda,Byron,bbyrong9@ocn.ne.jp
71e68275-2ded-4dfb-956f-5a040df0ce13,Beatriz,Haine,bhainega@facebook.com
5a54c0f7-e301-4628-8624-a027db1f3618,Roderich,Jacklin,rjacklingb@51.la
d76bdb00-1706-4772-80e4-c5a7929a4ef8,Lanie,Bisacre,lbisacregc@youku.com
4c5823f9-cded-46dc-870c-fd73d3b285d1,Gaile,McAnalley,gmcanalleygd@senate.gov
1cd8b743-2237-4068-9b13-3e10dd68afcc,Eustace,Devas,edevasge@tuttocitta.it
47156773-7638-4251-bbc3-be019f806a63,Ediva,Burchill,eburchillgf@addthis.com
b72718e4-5834-4e70-a8a3-8be5822640c2,Dougy,Cossum,dcossumgg@hexun.com
d0250fcb-489c-4f89-9e60-65199f590575,Kary,Piggot,kpiggotgh@harvard.edu
aba994ba-18aa-4535-8442-b4f7fa61be59,Herta,Blackly,hblacklygi@nsw.gov.au
9ab023af-c3bf-4453-83dd-57f7e203b522,Christye,Clery,cclerygj@howstuffworks.com
cc6a8281-17ec-4858-a4ca-13b01736d75c,Elliot,Mattam,emattamgk@intel.com
eaded2cb-3bf3-4b4f-98d4-0f6537854695,Michaela,Ottawell,mottawellgl@hc360.com
737aa89f-3d84-481b-9b55-a92bf7aab2ff,Wallis,Tarbett,wtarbettgm@unc.edu
5a5b3812-c821-4f72-aefd-0f2df27bfe3f,Rickie,Passman,rpassmangn@uiuc.edu
f6994b17-6c56-4c38-b713-922eeb4bb22e,Emmeline,Fenimore,efenimorego@paypal.com
f4d2e673-8538-4d2d-a330-d96900320ba8,Correy,Silver,csilvergp@reverbnation.com
7a6526e8-2759-4a0a-b09b-9f220ebe53da,Zared,Vallintine,zvallintinegq@barnesandnoble.com
cc371a2d-87e6-410f-a9b2-13be722cf6e6,Janifer,Neat,jneatgr@deviantart.com
7b2c61c5-3037-420a-b932-f21afd6341ef,Mitzi,Sandys,msandysgs@barnesandnoble.com
742d6773-b4f0-45fc-a4d3-9c4d961d516c,Arluene,Caldwell,acaldwellgt@imageshack.us
d338ebd7-f51c-41c8-970e-a26e97f54521,Henriette,Petrik,hpetrikgu@mlb.com
98d248ea-b016-4bad-938e-01ee492b7e0f,Marketa,Kovacs,mkovacsgv@wsj.com
28fe2901-0ce1-424a-a224-c90f3c22ffaf,Glenine,Girardi,ggirardigw@nydailynews.com
2f577087-5c8c-4dcf-a983-b5d953229d21,Avigdor,Gerring,agerringgx@oaic.gov.au
bb62dc66-cbc8-4634-815b-cca6d9987399,Anestassia,Plaid,aplaidgy@howstuffworks.com
6478b650-7e0a-4453-9d3d-68e289e58255,Jan,Perel,jperelgz@ca.gov
b3ed6a41-bf9a-456f-9796-c5fa76cc1343,Whitaker,Rontree,wrontreeh0@macromedia.com
0029574b-067e-4aec-a427-ee06c5fdab8e,Allx,Sidry,asidryh1@wunderground.com
126db529-9ea2-420d-a846-00d4507ad4c3,Lamar,Cleatherow,lcleatherowh2@intel.com
f987de08-7b7f-4e74-9ed5-220e2ea67bbb,Ericha,Leyborne,eleyborneh3@google.com.br
7ce2b7e4-1132-4647-9bcb-b09147f86179,Georges,Paternoster,gpaternosterh4@jalbum.net
a026315b-e4ad-495e-8270-3ac84a0b2d9a,Rosalynd,Burnand,rburnandh5@paginegialle.it
2a5a4c90-56e5-4122-b77d-43091fb3c0df,Pryce,MacBarron,pmacbarronh6@etsy.com
c6c3612e-9822-472e-b8c9-56b89e68e1ab,Rickie,Blackborn,rblackbornh7@ihg.com
ada44999-8dcc-4181-b672-8ca66ec00eef,Briano,Earry,bearryh8@yellowbook.com
f5e36844-8091-4263-9353-cc0ff218f89a,Irwin,Holsey,iholseyh9@flickr.com
1b3c60c5-7c26-411b-9779-82408dc43ed3,Vito,Frankish,vfrankishha@cnbc.com
119c3256-d0ef-4c05-883f-ac0ea727728b,Ilyse,Molan,imolanhb@berkeley.edu
9364a5cd-29e1-4242-94f2-bcac106dd842,Rubi,Philliphs,rphilliphshc@shop-pro.jp
e45fdb2f-ef07-4ab5-9aca-40539e5357ae,Roman,Pigford,rpigfordhd@rambler.ru
da0d5fc6-9ff5-4224-bca7-fae7ea9ff4ce,Emylee,Marcussen,emarcussenhe@1und1.de
24eeec77-6da8-40d7-bd57-34819e808bf6,Culver,McConnulty,cmcconnultyhf@artisteer.com
b2112e0b-b4da-4136-a63b-c47d450f9d4b,Edwina,Callister,ecallisterhg@senate.gov
396dccf2-fe45-4568-bd32-e04d903e00fa,Hermie,Houlden,hhouldenhh@google.com
d968cc89-8c83-4d0b-88a6-b76cea8edea9,Terrell,Egar,tegarhi@trellian.com
32e8d193-3020-4b72-b03e-8a0912b35d09,Ashley,Rennock,arennockhj@forbes.com
f03e8b3e-1d4c-41dd-a5eb-e02ec12d2919,Elysha,Ellul,eellulhk@xrea.com
07eea200-5cdb-42ec-a7ed-19c54dbcc1a3,Myrah,Rothon,mrothonhl@boston.com
4e9080a5-d906-4644-821d-ee75eb3ffea0,Byran,Pietruszka,bpietruszkahm@phoca.cz
52fdf21e-1036-42c0-a2a4-18db0681e9dc,Jenni,Ralestone,jralestonehn@trellian.com
882bf2d5-ed2d-48bd-bac6-dfa341d42500,Taite,Gready,tgreadyho@meetup.com
ec539382-063a-4251-9a03-1e09470d4a98,Natty,Mesant,nmesanthp@hhs.gov
b0c8cbeb-4ab6-4453-ace2-8603446f5182,Cthrine,Yakobowitch,cyakobowitchhq@bravesites.com
3156148f-8f6e-470b-bd9b-4b8d00a82eed,Jason,Emerson,jemersonhr@mac.com
e8eec562-4613-4385-a960-81a06ca5b89c,Viviyan,Pitcher,vpitcherhs@uiuc.edu
acce2b77-074f-42ca-aaff-56a87a2b5ef3,Brnaba,Davidou,bdavidouht@craigslist.org
6235bc75-cff9-42f2-bc94-fec7b1597b99,Dorthea,Terbrug,dterbrughu@eepurl.com
38d1bf4e-5bd3-47fb-8c8b-89657039f7f8,Ario,Buddington,abuddingtonhv@webmd.com
e3dcb430-7314-44df-b0dd-a6b215c658c7,Flem,Simcox,fsimcoxhw@mail.ru
fbfaa1f9-5780-41f6-b255-fad19b1c093b,Humbert,Ames,hameshx@youtu.be
62474989-617c-42f0-9c5a-939cd0da4457,Mindy,Broseman,mbrosemanhy@addtoany.com
98f86f7a-eaca-4e9c-b52e-12f39151f3e0,Vincenz,Udale,vudalehz@cbsnews.com
fee1478e-937f-4b9a-b6bd-e4c753b40255,Garald,Nelane,gnelanei0@time.com
7ad73b54-fb70-4b97-9a3c-1f400108eece,Burt,Reddle,breddlei1@merriam-webster.com
e58bac36-7c9b-4d43-aa75-0d13e5c657da,Zitella,Colnett,zcolnetti2@goo.ne.jp
11b19625-c775-4277-bbca-1e4ff27d942b,Padraig,O'Cannavan,pocannavani3@1688.com
b428ccb3-92f1-47f0-8cbe-673097f631ff,Osgood,Gilliam,ogilliami4@studiopress.com
1f969591-91b7-42ab-876a-55d7afa266af,Gabriell,Saggers,gsaggersi5@blinklist.com
fe025539-4bc1-4e3e-b984-e711240468fa,Stearn,Postgate,spostgatei6@wp.com
6eb99472-284b-4052-8084-4ec0310e7c07,Ransell,Hubert,rhuberti7@fastcompany.com
bc27f753-540e-4a77-9d60-a2db613ee300,Agnes,Hardan,ahardani8@jimdo.com
02e523ce-a364-421e-9185-6d2c457ae47b,Angelika,Sleeman,asleemani9@epa.gov
b7fcc4aa-e1f4-4b18-8c3f-21864be875b7,Pauline,Barkway,pbarkwayia@archive.org
832d275f-a678-4928-9c73-631b2f69c3a9,My,Salzberg,msalzbergib@springer.com
8f03c88e-123b-4c12-9f48-85509b04ecbc,Anastasie,Coleshill,acoleshillic@gnu.org
6ea9de6c-b097-451a-a375-26ef3cb40531,Korey,Wigfall,kwigfallid@earthlink.net
4f34e32d-edb1-4c94-a8b4-05f70ace12bc,Sibilla,Toulson,stoulsonie@oracle.com
dbeb8468-383c-4b56-9a9d-c81bf77603f8,Delores,Christiensen,dchristiensenif@privacy.gov.au
b3a910cf-f362-48fd-8748-296a47a708c9,Arne,Chestney,achestneyig@weibo.com
92554f63-c16e-4e4d-a917-9540fbf31a65,Dewain,Ivimey,divimeyih@google.pl
f606eeba-cf6b-48a1-9a01-603bb40e1ddb,Faun,Kobke,fkobkeii@devhub.com
c382cacf-3790-45d6-be66-c2fcb0efeec2,Camey,Addams,caddamsij@sciencedirect.com
bfdbc168-4185-401e-a7dd-3c1bb5333275,Frants,Bushill,fbushillik@squarespace.com
ab26902c-c0e5-4915-989b-98c7bb45e286,Nye,Broderick,nbroderickil@fotki.com
6c4f2415-0d26-40fb-9561-32e1969e383d,Diann,Leyman,dleymanim@shareasale.com
dcb6f65f-4445-4d06-b7ca-726a8dce800d,Edythe,Murrock,emurrockin@ed.gov
b586374e-be6e-4520-aba2-62e511e16261,Kenn,Wigmore,kwigmoreio@stanford.edu
d0770fc1-8c7c-47ff-aa28-8463b470b754,Ellis,Jendrys,ejendrysip@163.com
5cc8091e-8363-4904-8c80-db5b967a5e2e,Isabel,Clace,iclaceiq@mayoclinic.com
ebbd1498-4e70-46d9-9558-691b2b1ec1f7,Alaine,Kersey,akerseyir@mozilla.com
28053117-dba8-41af-95c6-aa53137951d1,Mattie,Calender,mcalenderis@independent.co.uk
837e6fb4-84d9-4c48-aabb-ced1ee927957,Glyn,Dome,gdomeit@foxnews.com
c810394a-e283-48a1-bba4-0fb319c04119,Aurea,Paulack,apaulackiu@webmd.com
8324646e-011c-4b43-8529-a9157b9caee3,Charyl,Heyball,cheyballiv@360.cn
70ef6387-99d9-4b5b-9958-26e7838390eb,Der,Plose,dploseiw@si.edu
55a11452-e062-4cc6-9a9b-630d036c6d23,Jaquelyn,Reville,jrevilleix@hhs.gov
7d12b4ba-d9ca-448f-80e9-0f0620edb5cf,Emmalee,Refford,ereffordiy@jalbum.net
066f2214-e017-4bad-92f2-e9ae452965b0,Alic,Matterdace,amatterdaceiz@shinystat.com
917c4a00-4466-4cd6-93e4-6dc810f1a5ed,Emilia,Scargle,escarglej0@globo.com
719c6a2f-818d-4010-8972-1138f323ccf2,Krissie,Eighteen,keighteenj1@upenn.edu
20fad5b6-7a65-4237-bf12-f1c3861f52aa,Darill,Smiths,dsmithsj2@ca.gov
20dc47c0-af89-4269-b0ad-6a4e8c3dd0f3,Darill,Ferrieri,dferrierij3@acquirethisname.com
254a51f7-6de2-4bf2-af91-5fd0f985e0f5,Felipa,Valett,fvalettj4@wunderground.com
bd9339f1-257e-47fc-a784-d9859e8b6d1a,Chloris,Sustin,csustinj5@sohu.com
81554c27-3212-420c-be2c-21dfc0c923b1,Virgina,Lawrinson,vlawrinsonj6@wp.com
6f386348-79ba-4234-8671-93c57cbc53fb,Thornton,Czajkowski,tczajkowskij7@wikipedia.org
8af7c566-0914-4b58-8260-3b3f84d2f828,Derrik,Garrick,dgarrickj8@ustream.tv
1dcd9cb8-dce6-484f-b10e-40f55c85b0a7,Sally,Benoy,sbenoyj9@blog.com
aa980086-9502-434c-bbd4-a8c8b3b56499,Cheryl,Maseres,cmaseresja@msu.edu
f9197920-4369-4a1a-b8da-ef02b6897a26,Wilden,Lansley,wlansleyjb@washington.edu
b83db16d-fbaf-4586-aeea-20fb9b8f5539,Georgianna,Surgood,gsurgoodjc@europa.eu
9cfb12f4-d90c-4777-b9bb-fb77e761c940,Fernandina,Moreby,fmorebyjd@kickstarter.com
fd69f7cb-8736-4ae2-8b60-ceff759e030f,Marys,Casley,mcasleyje@infoseek.co.jp
56ef407a-1ea9-4909-87c6-7d34352a8f16,Reynard,Kinder,rkinderjf@miitbeian.gov.cn
a6d3675c-f22c-48ef-976d-e67144d0524b,Reyna,Huebner,rhuebnerjg@cargocollective.com
1bb887cd-f2e4-440e-b3a6-0eeaa99f2ed3,Vanny,O'Donnelly,vodonnellyjh@multiply.com
77c9e7b1-8b1a-4316-a3a2-07a4dca7e967,Korrie,Garahan,kgarahanji@dmoz.org
fdf243e4-145b-4a80-9b18-77bc2f180f71,Johan,Bretelle,jbretellejj@mlb.com
443616ee-7dd3-48cf-8300-ca3aa980087f,Kiri,Cassell,kcasselljk@edublogs.org
6410d077-edb6-4222-8e9e-aaffbcfa64d8,Regan,Metschke,rmetschkejl@abc.net.au
f78f4d25-4ea4-49fb-bdbb-920f50c2fd29,Muffin,Shury,mshuryjm@com.com
b8a6b57c-210e-454c-8d3e-e16111423394,Audi,Zohrer,azohrerjn@t.co
fdfffe20-cc89-4cf9-aa53-171e0978ccdb,Roderigo,Peters,rpetersjo@surveymonkey.com
1384757d-ca21-4794-b686-7e4fab750c63,Rianon,Sibthorp,rsibthorpjp@studiopress.com
11354daf-b9b9-4b6d-aa70-ca9a928d4601,Hailey,Assiratti,hassirattijq@google.co.uk
a961464a-9bb8-4d15-bfce-33083deda36f,Mabel,Morrant,mmorrantjr@google.es
e78aa6b5-57c6-47dc-8a37-fc7035b73542,Erastus,Strickett,estrickettjs@engadget.com
4b5748ae-972e-4fe9-a18d-1d582f5a724d,Inez,Capstaff,icapstaffjt@adobe.com
ea21bbec-6805-4c10-a578-0a238b9ce9bc,Anne-corinne,Stobbes,astobbesju@joomla.org
86298cb5-7a5b-4a8e-9c4f-0f502725d2f2,Daphne,Monaghan,dmonaghanjv@state.gov
565efb24-fc96-43f0-86b6-673a5170635c,Rheta,Graddell,rgraddelljw@merriam-webster.com
5ad27cab-a43c-4075-b9b3-ddb3a00c6760,Xenos,Gaukroger,xgaukrogerjx@bigcartel.com
d5b97da3-8fc1-4dfe-bae5-c93dc49dcfd6,Wilmar,Brazear,wbrazearjy@europa.eu
5cb49d56-1078-4870-a1f4-3768ab866665,Sandor,Credland,scredlandjz@g.co
687ff73b-c2f8-40c1-af69-7f5ea3d1102b,Cymbre,Course,ccoursek0@tmall.com
75aff43f-06af-46cb-9134-7b6349662319,Tiena,Ranscombe,transcombek1@bravesites.com
19845b40-23cc-472d-91d1-5f06afcf3a5f,Maxim,Hanselmann,mhanselmannk2@baidu.com
9c4bc980-ec28-42bb-8f31-a8bf70c8e032,Burk,McGerraghty,bmcgerraghtyk3@boston.com
13b5b034-7ca8-486d-9391-171e9ddaecd3,Crosby,Hourston,chourstonk4@wikispaces.com
23886a31-2e1b-484a-a2c1-b9893d4e396f,Godiva,Bowater,gbowaterk5@webnode.com
f028da74-f0ec-4705-9e41-8b0c17bdbf45,Maddalena,Easterfield,measterfieldk6@zdnet.com
014c4e30-4f63-40ab-8d6e-2a5efbf6e39d,Lissi,Antonijevic,lantonijevick7@msu.edu
ab1fc2c4-e9d7-47f5-a23d-01e9ac665c8d,Doralia,Lemerie,dlemeriek8@123-reg.co.uk
c8230484-5282-48f5-b5ae-0e08d463a7f6,Cory,Sambles,csamblesk9@businesswire.com
40d14682-3f38-429c-a76c-7917d9325446,Bogart,Dugue,bdugueka@google.cn
5bb21164-cfa2-453f-8c05-c026de5398e6,Emogene,Weins,eweinskb@flavors.me
0f716963-536a-4dc0-9e6e-82c6dd52585c,Wilton,Creber,wcreberkc@oakley.com
ceae88aa-ff05-45db-b81e-272904239156,Renee,Eads,readskd@pagesperso-orange.fr
35923c25-c4ca-435a-b90e-7dc6ff87ef30,Alessandra,Tweedy,atweedyke@angelfire.com
d6b43ebe-1dac-46cc-b35e-ebc91b98806a,Neile,Persey,nperseykf@instagram.com
1271e3cf-25b4-47b5-8285-70e2d2be7025,Hanni,Cassey,hcasseykg@studiopress.com
15a723e3-1915-434f-88e3-38f5d2ee5505,Julianne,Terren,jterrenkh@digg.com
3f36b8cf-6fed-4e5a-8564-61c3b1806c9d,Teri,Grimsley,tgrimsleyki@alexa.com
f81517ea-a878-41ad-8ccd-8d2197cf0983,Gibb,Angelo,gangelokj@seattletimes.com
7b7c3cf4-7e29-4208-8953-c6fab9352a0c,Billy,Fendley,bfendleykk@jigsy.com
678d468f-374c-49ef-a42f-0f7c26dd2f27,Katusha,Gaisford,kgaisfordkl@ustream.tv
ae0e6eb0-55c1-4429-81a5-fd60ccb5c649,Janean,Doge,jdogekm@epa.gov
9601e344-6b7b-485f-b8bc-5ef3b64785bd,Lalo,Rebanks,lrebankskn@yandex.ru
61aa7ca4-bbf7-44b2-b84d-1e17cababf48,Griz,Olliff,golliffko@addtoany.com
f85accc7-e352-4761-b233-f758382663fc,Milissent,Atkinson,matkinsonkp@alibaba.com
ce91d9cf-70b1-4656-82b9-6e1f498bd308,Gabrielle,Bloxam,gbloxamkq@trellian.com
9f8e5f16-73d9-4b78-ab79-b41c5dc8097e,Sissie,Giovanizio,sgiovaniziokr@theatlantic.com
c753ce78-6bc2-4346-bd40-e13752229b04,Odie,Spohr,ospohrks@ted.com
10b3fe55-5c97-47df-9e33-4972e7b63f44,Brad,Quelch,bquelchkt@istockphoto.com
dbc8cd1e-34e6-411a-8268-4adfd95e1913,Glendon,Mandre,gmandreku@merriam-webster.com
63483129-3fd5-4ca7-a6b3-66420eafddab,Lissy,Losano,llosanokv@posterous.com
c1cf2bdd-5c59-4611-a59a-1e20ee292b72,Hamil,Hiddy,hhiddykw@canalblog.com
0b4f105a-1dce-49a3-a0c0-8a0e68436ce9,Ingar,Jakoub,ijakoubkx@google.it
3d76e3dc-c6a2-4878-a7c2-0afb6007bbef,Hogan,Humberston,hhumberstonky@ucla.edu
58450b53-7150-4d64-bc9a-4a14448f2d80,Fremont,Cancellieri,fcancellierikz@list-manage.com
b57af04e-cc84-4ae0-bc57-16bf414fbae9,Erinna,Bottinelli,ebottinellil0@ted.com
e27a0f54-277c-4860-9d0f-0d1d256f36cd,Philipa,Breazeall,pbreazealll1@example.com
adf257a8-a34a-46b8-9aa8-af4c1795c61f,La verne,Moizer,lmoizerl2@google.fr
5427856b-2e6d-48b7-92e4-3de8f7424292,Melisandra,Jeacocke,mjeacockel3@rakuten.co.jp
e4eaa7c1-5ee3-4ba3-a544-27d18f525fc0,Alejandro,Rozycki,arozyckil4@unc.edu
fc82a494-0fc7-40e2-a45b-99b267af868b,Amber,Huchot,ahuchotl5@yandex.ru
af218a35-ddea-4ef9-91b5-b641491c02dd,Katey,Stag,kstagl6@typepad.com
747c16c8-470e-4e33-b10b-a1bf1aad975f,Marje,Vanyatin,mvanyatinl7@bing.com
0891bc85-9252-4267-9745-abc8a8d9dac4,Celeste,Hardy-Piggin,chardypigginl8@youtu.be
baac2def-2b77-44b1-973b-fee8f6c6e2ab,Susanna,Paulisch,spaulischl9@purevolume.com
62298b58-b18d-4296-a2cf-532f23e8fd20,Huberto,Pickton,hpicktonla@jalbum.net
62490f7c-4aca-4cfe-85b4-b7853f468dee,Abdul,Davidai,adavidailb@cisco.com
ea829648-e205-4c8f-8f4d-83195bed4a96,Dore,Carling,dcarlinglc@surveymonkey.com
c4bf4679-7cc9-4f16-9fe1-3433bd36d7dd,Brent,Annear,bannearld@naver.com
6648be4d-43d1-48aa-bf54-6fa9237731f8,Alexandr,Kilgallen,akilgallenle@merriam-webster.com
99052ac7-86c7-440e-8539-9b2cc7ac6126,Carri,Prati,cpratilf@domainmarket.com
d87a41de-3af1-4585-8c01-8f02b2c4b0b9,Valery,Newling,vnewlinglg@over-blog.com
f1af7fa2-5726-4458-929f-8069ed713d8f,Jerad,Feragh,jferaghlh@loc.gov
9e6771ad-691f-4a7d-9b22-690219fa0e5c,Dania,Cowmeadow,dcowmeadowli@accuweather.com
831765ad-fb17-48e6-9d86-070707dab70e,Ryun,Tondeur,rtondeurlj@behance.net
c1c308a1-290f-4aa7-bce1-a8a4b59db13b,Lemmy,Hasker,lhaskerlk@wiley.com
676bd757-5aa7-4103-9d6b-a618fa0039c7,Bernie,Denney,bdenneyll@google.com.br
c580595c-3c67-45d1-a927-7aa678327a0b,Franklin,Mac,fmaclm@economist.com
0be894cf-74bf-4611-9f4f-f90c2548426e,Mil,Nutley,mnutleyln@ft.com
41403c2d-c1a1-4002-b7ba-279f534e4dd6,Trevar,Greenless,tgreenlesslo@list-manage.com
64a778d0-67c1-4877-a6d8-7eec50d72097,Pavlov,McGaffey,pmcgaffeylp@rakuten.co.jp
9807b3d5-1b24-4762-9818-524c191c0406,Lyndell,Buckel,lbuckellq@t-online.de
7ea7f2cc-91c7-47c6-acf6-ea65875c3610,Paddie,Fleury,pfleurylr@economist.com
8cdce7de-ebfa-45dc-9632-2fe695286105,Peterus,Baniard,pbaniardls@comcast.net
ff549edd-fa2f-4a07-aded-62496d0bbec3,Valentia,Heggman,vheggmanlt@trellian.com
b8fde3ad-7afe-4379-b3eb-4e36ebbd30b6,Broddie,Copyn,bcopynlu@ning.com
a71858d9-2ccd-4b78-a53e-357bdd5281f3,Sheilakathryn,Carsberg,scarsberglv@oracle.com
922e86e2-33f1-4a1f-b10f-c9432221d678,Germana,Lancetter,glancetterlw@deliciousdays.com
48256e7b-34fb-4c7f-baea-2f267a598663,Enrique,Cazalet,ecazaletlx@tripod.com
ead0172c-4521-470a-9d89-092802765c7a,Filia,Tomson,ftomsonly@baidu.com
827d6703-5270-4c07-8aac-67c0750a3d34,Tadio,Tompsett,ttompsettlz@java.com
15a6c83c-b94e-463b-9e20-305189848e6b,Rod,Showell,rshowellm0@sfgate.com
26f707f6-08e0-40ee-b250-1ff71d8f75d9,Clarita,Rushton,crushtonm1@furl.net
ae1474aa-feca-4bc1-bb39-3344c0ebeadb,Othilia,Shynn,oshynnm2@comsenz.com
d0a396d6-91ba-4557-8e74-3fef86d37cfc,Noland,Gerhts,ngerhtsm3@phoca.cz
9b5fd486-412b-48a2-b959-dec2831eb41e,Jocko,Coverdale,jcoverdalem4@walmart.com
82bdde14-5131-4dd0-a2f8-9e49369e4d41,Glen,Manderson,gmandersonm5@about.com
d28b9c61-6cda-48b4-ad4a-0de9657969d9,Innis,Dodgshon,idodgshonm6@kickstarter.com
8f5fcf72-bd54-47fd-868d-98b19fb0edde,Tamma,Belsher,tbelsherm7@opera.com
903140d8-e64d-4a09-ba9c-4b2e981e64f7,Emmy,Nineham,eninehamm8@rambler.ru
2b05e1cd-a198-44b7-a79a-551032ec79d6,Cazzie,Beattie,cbeattiem9@ameblo.jp
abb219a7-a59a-42ce-8ca6-c93b2b1e7af4,Etienne,Collingwood,ecollingwoodma@apache.org
286a9c39-c8f3-4b6c-90eb-a3b8b5f67a7b,Farly,Rowdell,frowdellmb@friendfeed.com
e1c4e4fb-a16e-459d-b434-9714d8655d69,Adolf,Beese,abeesemc@comcast.net
ea9a5fb2-4484-42ad-9b1e-059bb7e1fc77,Chaunce,Elsley,celsleymd@theglobeandmail.com
79239a34-2396-46bd-9f75-c01209bf30c6,Collie,Stagge,cstaggeme@example.com
7b33de1f-9323-4f25-b7e1-0d957e5b8747,Teresina,Welden,tweldenmf@biglobe.ne.jp
bb75ad6d-379d-4621-a773-386c9a472762,Marion,Widocks,mwidocksmg@deliciousdays.com
e06d0f3d-de8c-4c75-9663-5977bdc56efa,Bibbie,Faithfull,bfaithfullmh@drupal.org
ab855446-636b-4a92-bfa8-078907f75c9e,Joey,O'Dunniom,jodunniommi@samsung.com
2497d576-9a42-476c-984e-2a60e31296a7,Jeth,Gasparro,jgasparromj@reddit.com
cf9d8fb6-5400-4024-9967-ce463a21b68f,Patrice,Fishburn,pfishburnmk@drupal.org
aba20cce-3839-407d-94be-1623279e26b4,Skyler,Gogay,sgogayml@xinhuanet.com
67fa52c5-61a0-4f4e-8e7d-592e86061b2c,Orran,Baddiley,obaddileymm@scientificamerican.com
5d798c85-29d9-4fae-80a6-1221b69674cd,Bent,Gildersleeve,bgildersleevemn@wunderground.com
53df21f5-9b3a-4a0d-8c00-2bf4e5858372,Jere,Guard,jguardmo@mail.ru
a0d96836-53bc-4abe-9556-faa7d7641782,Fiorenze,Mueller,fmuellermp@tinypic.com
7af4967d-a7a9-4cda-a8b1-b63e264734c2,Dorry,Mallam,dmallammq@jugem.jp
6e3850fb-b0a9-446d-b857-f224944e6db5,Avivah,Clouston,acloustonmr@de.vu
84ff597a-969b-4814-a368-797fc48b40e6,Lyndsey,Spottiswoode,lspottiswoodems@senate.gov
fa06134c-4271-444b-8af7-8b4f7a3094d2,Yance,Rawcliffe,yrawcliffemt@cpanel.net
03295b4a-386e-4b1f-902c-1641bfbe6124,Mariette,Espasa,mespasamu@usnews.com
795d887e-c379-42eb-9772-f9fc678371cb,Nicolais,Iwanowicz,niwanowiczmv@shinystat.com
643adb82-9122-4c6f-a519-a9be9a8fb42a,Nari,Claricoats,nclaricoatsmw@google.fr
a2c5d440-3d1a-4af5-ab24-cdd78205d278,Ezechiel,Shale,eshalemx@quantcast.com
e43601dd-589e-402e-aae7-e9cd39ace4b8,Robin,Steart,rsteartmy@digg.com
373ba48e-28d3-4d61-9716-1a2655307a00,Abagael,Luck,aluckmz@github.com
ac71fd31-3844-4f43-95a8-604996a23249,Gayel,Wardel,gwardeln0@sitemeter.com
4092666b-ee21-4d7a-9034-92f5a97a127d,Mace,Fullom,mfullomn1@xrea.com
1717807e-8421-4831-bc99-777bc4e768d7,Bobine,Clapperton,bclappertonn2@hc360.com
489586bf-54f4-4dca-b5ff-748ae06aed64,Anthia,Dyde,adyden3@microsoft.com
77be6d2b-28ae-48a4-bc44-65b125de7194,Joyann,Peartree,jpeartreen4@redcross.org
a7c56f0a-96e5-4f70-b021-4e261fdcd6ec,Layne,Armour,larmourn5@flickr.com
c33d7a67-65b9-4e4d-ae3c-799d6f6170fc,Nickie,Paffot,npaffotn6@facebook.com
e0087dcb-60fe-4d4d-ac03-a14cdcb23937,Hube,Gadney,hgadneyn7@noaa.gov
3fdf3f22-411c-4651-ab75-8b5e06bd77f6,Hall,McMackin,hmcmackinn8@zdnet.com
ad8c3925-5023-4adf-9482-acfeac248915,Christophe,Headley,cheadleyn9@sfgate.com
c9757446-b820-409c-b108-631cf8c96edd,Leah,Dutson,ldutsonna@marketwatch.com
01ad4b32-c2bd-432f-88cd-95751b1bb35e,Conchita,Kwiek,ckwieknb@ibm.com
9a616316-d9be-43af-83b3-0a80040a5e28,Archibold,Gilardone,agilardonenc@blog.com
eb38e308-caa8-48b8-9c63-283557a0efc7,Charyl,Tann,ctannnd@sitemeter.com
49089207-c0e3-4047-a898-d2904c2481bc,Martynne,Fonteyne,mfonteynene@skyrock.com
c54eb1cf-e8f6-4442-a3ab-d557110d5f69,Maddy,Geake,mgeakenf@hostgator.com
94a30032-4718-41cd-8e82-eeb71da0e188,Ann,Furber,afurberng@bloglovin.com
24e93391-db14-44ec-9609-fee764a70867,Adriano,Berrick,aberricknh@webnode.com
99464a46-3ab2-4c6b-aef7-ef8a325589d0,Kelsey,Kimm,kkimmni@ebay.co.uk
719986c4-c71f-41a9-acf4-0604a583a597,Kenna,Knightsbridge,kknightsbridgenj@bbb.org
4e89bcbf-fcc3-4ec6-94a2-539e53909213,Paige,Loalday,ploaldaynk@google.com.au
55fd4c57-657d-42d5-b9ad-15a274ef946b,Niles,Smissen,nsmissennl@surveymonkey.com
364e75f2-e948-41f3-8b3b-371326780290,Antonetta,Coverdale,acoverdalenm@sciencedaily.com
c7728b3f-c899-4e25-9a64-70d0531fded6,Meggy,Blakeley,mblakeleynn@pagesperso-orange.fr
e61a21fe-124e-4626-bb96-bebd74ea55c3,Peter,Webburn,pwebburnno@abc.net.au
8d16cb88-5fb7-4afb-b45f-4dcff09c0b13,Weidar,Sobieski,wsobieskinp@joomla.org
4a938a13-ee0a-41b5-aba2-fdb0785a8508,Clemmy,Saice,csaicenq@msu.edu
8fe0807f-2e31-4ef5-88a9-409302dcbe28,Darrel,Woolveridge,dwoolveridgenr@canalblog.com
1677b60b-5f54-414c-b7aa-428cf8b2f00b,Haskell,Backson,hbacksonns@ihg.com
abac01c5-952c-4ae3-ad95-f9c4b051c5c0,Loretta,Stoyell,lstoyellnt@hostgator.com
6a387d38-5e13-465a-b321-46d875dcd235,Sky,Crossdale,scrossdalenu@yale.edu
c8895eda-baf6-4afa-9bbf-51c5040c121a,Elyn,Cucinotta,ecucinottanv@discovery.com
1d0f1ba6-4785-43ca-8200-6706845eb73c,Avrit,Barck,abarcknw@google.es
f232f797-0897-4eaa-8019-8974dc454e18,Quillan,Lepope,qlepopenx@dailymail.co.uk
e64d9bb4-37bd-403b-afab-7f0193433637,Dorian,Ciabatteri,dciabatteriny@nyu.edu
64e759f2-3ba6-4761-8c7e-be085b37dacd,Hy,Dessaur,hdessaurnz@ocn.ne.jp
69091d66-caf9-460b-8550-e11d10f7dd7f,Hershel,Ramelot,hrameloto0@imageshack.us
118f8f50-b025-44c1-9861-8b56ceba2a0e,Colby,Freschi,cfreschio1@usatoday.com
8fc3239c-0ad7-476f-a152-6ffaf6fd5ff2,Gabe,McCleverty,gmcclevertyo2@spotify.com
25aaca47-e355-454b-aec3-56d55d1c0121,Delbert,Strettell,dstrettello3@cmu.edu
3f532def-2ca3-4ec7-8d9f-a4f9ff6a210c,Karyn,Narducci,knarduccio4@discovery.com
66ea0290-5c4e-4c84-95d8-825e2b82528c,Jordain,Du Hamel,jduhamelo5@trellian.com
abf46761-ae64-48a3-bd79-964810d7f1c4,Rivkah,Mityashev,rmityashevo6@51.la
95db1175-371e-4e4e-aee1-ada0881c6452,Misha,Tathacott,mtathacotto7@twitpic.com
f13ad311-e4ae-47b3-add1-648e685746a8,Trix,Bubbings,tbubbingso8@alibaba.com
16b897f8-1948-4176-80ef-98368fc84e61,Daphne,Chitter,dchittero9@gmpg.org
f3bd5742-bfe9-45fb-bdc8-4dde4648dcb1,Abigael,Turvey,aturveyoa@edublogs.org
44a7b4f2-cb7c-419a-b004-c48a94cc3cdc,Hamlen,Duester,hduesterob@bbc.co.uk
218fb725-45db-44e5-94c1-50924e936139,Joeann,Rosiello,jrosiellooc@foxnews.com
a7bb4b8d-daee-4982-b20e-5142178fa5de,Benedicto,Antill,bantillod@uol.com.br
5950b172-34e2-4e5c-844a-3be3c5ede741,Fidela,Carmel,fcarmeloe@amazon.co.jp
5ac76e01-e967-4ffd-b25b-fc975c11d44f,Dorolisa,Dugall,ddugallof@zdnet.com
bf33f9bd-86c6-4911-bbf6-e285e0a5aa98,Stavro,Morrilly,smorrillyog@dropbox.com
8a4580b7-e30f-4802-b9b6-0e8cf94608d7,Jaymie,Clay,jclayoh@answers.com
fa7f0c0f-19aa-43d1-81a8-09274dbaa9ee,Guenevere,Lefley,glefleyoi@about.com
87ec5897-1c3f-443d-a398-6791cabb4c33,Greta,Hartop,ghartopoj@nsw.gov.au
aed644f3-6d54-48d8-b38d-d767167647b5,Brooks,Tavener,btavenerok@gmpg.org
4ef1db5a-3b9b-4eaa-a6a2-300a7c172d92,Abeu,Wheelhouse,awheelhouseol@wiley.com
4e80fe6d-88b8-4823-82d5-7598a3c2d751,Lynette,Goldis,lgoldisom@foxnews.com
26c8a8e0-f704-49ae-84aa-adfc17f435b3,Bevan,Whayman,bwhaymanon@simplemachines.org
5c4c3989-be29-4d08-84a6-16442d43e083,Yoshiko,Burdess,yburdessoo@omniture.com
e5e6877e-1194-4a85-bcc3-141d7efb5722,Raquel,Truelove,rtrueloveop@blinklist.com
a282bcaa-b7a6-4d88-850e-1db97cfc364f,Gale,Cahey,gcaheyoq@opera.com
ba3985b1-7bed-44b7-870e-4c6fd4b26bdb,Jarred,McIlmurray,jmcilmurrayor@storify.com
aa4ebaca-958b-4f48-9076-5c534bde9764,Gayle,Becerra,gbecerraos@mlb.com
1fb48ec5-1922-4850-bb05-388a0386beca,Craggie,Cunah,ccunahot@unesco.org
e22156c3-15a3-4c8d-9357-727fa9a02ec1,Lari,Mingay,lmingayou@usgs.gov
19f40ef5-99df-4a24-a19e-12bd225afc6e,Freedman,Siveyer,fsiveyerov@auda.org.au
e9a3c069-c5cf-43ef-8632-47008695f58e,Jacky,McAteer,jmcateerow@fastcompany.com
06dfcea8-25a0-4856-829c-0076d8d0b392,Sioux,Rye,sryeox@irs.gov
3ba6b5a2-6725-4cec-87d2-d91cc12ff1b9,Hewett,Stoves,hstovesoy@pen.io
f9a55934-dcbe-4699-b97f-91a0ef015d19,Rasla,Bubear,rbubearoz@nymag.com
62e70a3f-6c0e-4917-ba23-abda9df72345,Carlynne,Patesel,cpateselp0@yahoo.com
c9c9e2e6-735d-461a-8329-561a4ac78d31,Abigael,Memmory,amemmoryp1@msu.edu
28b9ff8c-dbfc-43b2-b57d-09e93dec4a88,Misti,Downie,mdowniep2@pen.io
f1ad8574-5432-4e39-8b26-f25108d6c7b1,Valaria,Kubecka,vkubeckap3@mit.edu
0f22527f-de4f-4893-bacc-3a9502363ecb,Twila,Gulliford,tgullifordp4@tiny.cc
79f755e4-5897-46e1-99bd-a03ff523e530,Viola,Philipart,vphilipartp5@youku.com
7a1da54f-de66-42cf-bf0d-d2ac8adbe0fd,Kenton,Lepper,klepperp6@timesonline.co.uk
64625779-21d9-4d85-bfed-fe7c852f0fb4,Wally,Evennett,wevennettp7@hc360.com
b257759e-6f22-4619-b462-3d1aa5482f1c,Leif,Stoffler,lstofflerp8@buzzfeed.com
dce97d64-1ff5-4642-b814-8534e2f4c3fe,Agnella,Jelf,ajelfp9@reuters.com
79342a90-5c83-481b-be00-a195f66d7a4a,Gare,Cunio,gcuniopa@npr.org
a0d9be28-59d5-45be-aa77-cb47cf2a4120,Valry,Giottini,vgiottinipb@bloglovin.com
853607eb-349a-4209-8685-ac7c921a7653,Clare,Bretland,cbretlandpc@nps.gov
29027578-5b4b-441c-8b82-ede293f03f9f,Christabel,Honnan,chonnanpd@weebly.com
cf062264-c429-41d6-a1d6-d4fc153adda9,Calli,Tschiersch,ctschierschpe@bloglovin.com
19732735-c4cf-4be0-abb3-d4b824c8ff8b,Dyanne,Crispin,dcrispinpf@github.io
b0318c50-0265-4f81-94dc-634c5e623549,Katti,Lovemore,klovemorepg@example.com
bde5f2fc-2237-4385-8bdd-4c173918553b,Tawsha,Sellers,tsellersph@newyorker.com
91749062-079f-4952-b6bb-01ebb51fc506,Koo,Cesco,kcescopi@lycos.com
93b05edb-82b0-4945-bf74-05d7b8e19d8c,Enrika,Piatkow,epiatkowpj@sourceforge.net
42c63c20-49e4-431f-8b57-b238677f21aa,Dasie,Teasell,dteasellpk@nasa.gov
36d31ac3-2004-46cf-ae33-e7e78c6980b1,Husein,Besse,hbessepl@tiny.cc
194f3ad5-a420-4393-8697-e501f4e5f9c4,Morgen,Selly,msellypm@imageshack.us
91097680-eff1-4d49-b6e1-4d4aa0d2dd53,Melisa,Burker,mburkerpn@pagesperso-orange.fr
00823e33-d6ac-47e8-b7f9-bc807b4806b4,Gavrielle,Lundbeck,glundbeckpo@toplist.cz
911455c3-1701-4b8f-a0ad-9dfa525e6818,Caldwell,Bierling,cbierlingpp@creativecommons.org
1fd92dd7-d4ad-4052-bd33-20b45de672b8,Shelia,Hallewell,shallewellpq@house.gov
f0b3ce51-299b-4f69-bcf8-48a8b90a34f4,Derrek,Eastmead,deastmeadpr@mapquest.com
4c3a8416-e44e-470a-95c9-047480bcc4a8,Paxon,Boorer,pboorerps@gmpg.org
3a90cbea-1b72-4f10-b1b6-97be68a7d045,Wes,Stiffkins,wstiffkinspt@who.int
e7469a89-c3ed-4e3d-82e2-c8b9e50976ff,Umberto,Ackeroyd,uackeroydpu@ftc.gov
3de32b73-6aa2-4da0-a45f-824c069ddb4a,Jeanine,Rozzier,jrozzierpv@rakuten.co.jp
3afb151e-22bc-4ad8-bec9-981cce6e7ee4,Stacey,Gamon,sgamonpw@nbcnews.com
db72e047-8aa2-4fd5-8d56-8a21284b5578,Demetris,Stiffell,dstiffellpx@seesaa.net
40c248cd-57f9-4988-93e3-fc985679ef96,Mendy,Shew,mshewpy@cdc.gov
86048776-b507-4ebf-a19a-665eb4a70f71,Sid,Bamber,sbamberpz@geocities.com
4bbd8a25-10bd-43fa-b0c9-1b29ea75b41a,Anthiathia,Rickerd,arickerdq0@prnewswire.com
85bedbee-e4e3-4078-be7e-d8e86969508b,Delbert,McLleese,dmclleeseq1@about.com
d2a8723e-d9b9-4f03-92bc-c10a4bc7384e,Tremaine,Howbrook,thowbrookq2@usgs.gov
2b1d7036-eef3-45a9-b31d-69b5280a4442,Agretha,McGiveen,amcgiveenq3@ucoz.com
faada227-c150-449a-b436-9fe64650f5de,Viviene,Winterbottom,vwinterbottomq4@miitbeian.gov.cn
8974b1c7-4f48-4c0e-8bdd-a6c2fab28bde,Bram,Gristwood,bgristwoodq5@4shared.com
faed851b-650b-4db7-99b1-80dab72ad4f3,Hadleigh,Oattes,hoattesq6@microsoft.com
112e5428-bd6a-4791-9cef-12365e155fd7,Merla,Mussared,mmussaredq7@hubpages.com
9c4bdf79-9bfd-40ce-9c8a-2d09463899b9,Mitchael,Kneaphsey,mkneaphseyq8@hp.com
9977cca7-413a-49e0-b125-44cb641c9d47,Salvador,Watkiss,swatkissq9@naver.com
9861c4b6-38b5-4aac-9a61-647245be2ed6,Rafferty,Hext,rhextqa@wufoo.com
2712d2a2-4442-4933-b024-334052089100,Karoline,Sherburn,ksherburnqb@earthlink.net
b29b531f-47bd-4f0a-a8b2-f451db6fdd8a,Barbabra,Nortcliffe,bnortcliffeqc@123-reg.co.uk
d3933deb-70f6-4fee-ae30-e04533f21207,Kellby,Muzzlewhite,kmuzzlewhiteqd@desdev.cn
46980d9c-df8c-4d57-bdf9-2038dd4eeb53,Lilla,McShane,lmcshaneqe@house.gov
e3cad5c7-6389-4e63-ae96-e1ee3481b649,Maryl,Leney,mleneyqf@t.co
a440ee3b-c2a8-49b4-a56e-2f6723a4eb60,Brose,Haney,bhaneyqg@webeden.co.uk
c82f5bd3-c1ef-4dc5-8884-c86a1906bca8,Seline,Beane,sbeaneqh@hostgator.com
5a3909cc-fa51-4a3a-94e9-aa15167ca878,Keven,Eck,keckqi@storify.com
9158f367-a6fb-4288-96ed-00791c295bd6,Frank,Tremblett,ftremblettqj@illinois.edu
daaf63b9-0ec6-457a-9a05-39939f8987c6,Anette,Kembley,akembleyqk@jiathis.com
d0369ce0-aa10-4c9f-bd9d-1cf319925548,Ellswerth,Sprigg,espriggql@weather.com
65e4d6d8-be1d-4f79-9d83-994cc6018ff0,Lavena,Flippelli,lflippelliqm@hp.com
31f8fcc9-18b9-4a7e-b703-720f5cd03786,Arly,McMeekan,amcmeekanqn@earthlink.net
8c65d679-eecb-4069-aaae-9380e4ba36ed,Dinny,Durrand,ddurrandqo@cpanel.net
a0ec45df-3ded-4e68-b8f3-acf5d1502613,Duncan,Godby,dgodbyqp@surveymonkey.com
c0b23077-c14e-4f61-966e-70bd14bc0cbd,Danila,Sinnocke,dsinnockeqq@fda.gov
9fc9721d-8bd7-4f1f-8dac-25c210468ab7,Min,Pinyon,mpinyonqr@pen.io
55717be7-111f-42d7-b24e-062013279845,Waverly,De Bruyne,wdebruyneqs@springer.com
8b570d49-b947-47b1-859d-13ec85618a15,Jodie,Brookson,jbrooksonqt@t.co
cf3dff1d-0ceb-4021-8103-0be94cc438f3,Norean,Olivelli,nolivelliqu@netscape.com
441f01e5-cda6-4f3f-903d-4c7f7cdd4fd7,Mordecai,Brodeur,mbrodeurqv@behance.net
ea27ee17-c696-4016-a5bf-1245f11c1a24,Katharyn,Pauncefoot,kpauncefootqw@netlog.com
adb114df-f660-4d07-8cc2-eec507265c09,Maynard,Vicary,mvicaryqx@google.nl
bc06d211-3786-4cdf-90ab-a648dbff919b,Joete,Load,jloadqy@census.gov
df5ff947-9c36-466d-9833-daca5e5e4d2a,Victoria,Ree,vreeqz@tiny.cc
c73046ce-7b55-495b-aae6-0ae8615f2eb4,Montague,Eayres,meayresr0@cdc.gov
a1a0a0cd-224a-49b7-914b-d9eb2455a682,Carlynn,Toghill,ctoghillr1@census.gov
4b583b49-db52-49ee-9c80-f63e72eb439d,Kessia,Tunn,ktunnr2@about.me
28cf76d5-a889-4bb0-8809-27d1065d1207,Domenico,Gronaller,dgronallerr3@cloudflare.com
f09eed4d-2425-47ec-bec4-0ed56a92c09b,Jenica,Knapman,jknapmanr4@ucsd.edu
01861e5f-ce81-43a4-b062-0b0c89035b23,Latrena,Jindra,ljindrar5@macromedia.com
009235b3-4912-437e-b898-42b56211b471,Margery,Omond,momondr6@tripod.com
0d984379-8ed1-4a6f-aa7f-cdaf1f43f6eb,Ricki,Ashwood,rashwoodr7@feedburner.com
b659a676-e654-4b2b-a2ab-0634742f329d,Tabbie,Gloucester,tgloucesterr8@tripadvisor.com
9d974263-090c-49cb-8963-6601d774786c,Isac,Kalinsky,ikalinskyr9@cafepress.com
4ce81df5-ad3d-4fd9-b7d0-aeea8ae064a1,Krisha,Le Gallo,klegallora@oakley.com
6667f93c-8a76-4414-b8ea-046ebb6d3f1a,Felic,Greenhill,fgreenhillrb@google.cn
8678678d-85c4-4f04-ab2b-470b3ff51f0d,Cary,Springer,cspringerrc@hibu.com
bad5a41c-d684-4acb-a919-47c7768be4d2,Filippo,Killen,fkillenrd@tripod.com
7d0254f3-da7e-4d17-9377-34ae8d2ca617,Marylou,Le land,mlelandre@reference.com
5b7ea289-0e02-4ddc-9faf-125f2fea87f5,Fredek,Sizeland,fsizelandrf@facebook.com
01de7bc1-2243-43ff-b00e-2e78314026c4,Riobard,Kwietek,rkwietekrg@hp.com
d86f51bb-bd64-42cf-8d8d-9a964c348d56,Barthel,Giovannazzi,bgiovannazzirh@cbc.ca
f13e64d7-4a05-414f-adfd-79f1c0643f7a,Brooks,Kilpatrick,bkilpatrickri@yelp.com
24c5c1df-4ea5-44c5-9b7d-b9308dffe185,Lynde,Ropp,lropprj@arstechnica.com
9f3fe481-292d-4d38-bea7-22eda339076d,Leland,Jahnig,ljahnigrk@quantcast.com
74ae623e-9a00-43b9-ba80-aee314722dbd,Kipp,Crewes,kcrewesrl@spiegel.de
cd4ec6f4-640f-4a85-9ee1-5bf0cd76e9a9,Jamison,Pury,jpuryrm@cmu.edu
bf4d477c-da43-4308-b58a-21054717e822,Isaiah,Kuhn,ikuhnrn@ft.com
b371bad2-0a32-40fa-8921-a0ba36cc45ed,Hyman,Arthey,hartheyro@wsj.com
c5ddce45-3d55-47ca-807b-c6c1f98c488f,Bettye,Hynde,bhynderp@google.nl
59057ad8-b41a-4cdb-bcd2-9a7a0ccc5960,Jessey,Kiehnlt,jkiehnltrq@cmu.edu
5250ec21-3376-4837-a111-546d840de934,Lek,Grabeham,lgrabehamrr@nytimes.com
